ImageId,PredictedLabel,TrueLabel
1,5,5
2,34,34
3,31,31
4,31,31
5,8,8
6,12,12
7,3,3
8,1,1
9,18,18
10,11,11
11,28,28
12,31,31
13,13,13
14,15,15
15,15,15
16,28,28
17,11,11
18,34,34
19,11,11
20,31,31
21,29,29
22,14,14
23,4,4
24,16,16
25,28,28
26,18,18
27,3,3
28,24,24
29,27,27
30,1,1
31,5,5
32,14,14
33,12,12
34,31,31
35,30,30
36,19,19
37,32,32
38,32,32
39,28,28
40,22,22
41,12,12
42,1,1
43,18,18
44,20,20
45,19,19
46,13,13
47,31,31
48,30,30
49,25,25
50,1,1
51,11,11
52,2,2
53,23,23
54,17,17
55,13,13
56,22,22
57,25,25
58,28,28
59,25,25
60,15,15
61,22,22
62,22,22
63,24,24
64,26,26
65,2,2
66,28,28
67,29,29
68,8,8
69,5,5
70,3,3
71,24,24
72,17,17
73,3,3
74,30,30
75,29,29
76,22,22
77,14,14
78,0,0
79,1,1
80,0,0
81,1,1
82,17,17
83,29,29
84,9,9
85,1,1
86,14,14
87,1,1
88,21,21
89,12,12
90,10,10
91,9,9
92,17,17
93,17,17
94,10,10
95,24,24
96,18,18
97,28,28
98,0,0
99,33,33
100,2,2
101,11,11
102,22,22
103,9,9
104,9,9
105,3,3
106,16,16
107,15,15
108,9,9
109,23,23
110,22,22
111,27,27
112,10,10
113,26,26
114,30,30
115,22,22
116,14,14
117,11,11
118,29,29
119,9,9
120,23,23
121,25,25
122,25,25
123,15,15
124,1,1
125,26,26
126,23,23
127,25,25
128,20,20
129,20,20
130,3,3
131,15,15
132,7,7
133,13,13
134,12,12
135,34,34
136,26,26
137,13,13
138,19,19
139,23,23
140,28,28
141,2,2
142,21,21
143,5,5
144,7,7
145,31,31
146,9,9
147,8,8
148,4,4
149,18,18
150,18,18
151,21,21
152,4,4
153,11,11
154,27,27
155,32,32
156,15,15
157,27,27
158,1,1
159,34,34
160,4,4
161,10,10
162,7,7
163,14,14
164,24,24
165,15,15
166,21,21
167,11,11
168,33,33
169,32,32
170,22,22
171,3,3
172,24,24
173,3,3
174,23,23
175,0,0
176,8,8
177,18,18
178,23,23
179,14,14
180,23,23
181,11,11
182,6,6
183,29,29
184,27,27
185,13,13
186,2,2
187,6,6
188,3,3
189,18,18
190,19,19
191,10,10
192,30,30
193,30,30
194,16,16
195,18,18
196,18,18
197,3,3
198,2,2
199,32,32
200,11,11
201,7,7
202,9,9
203,33,33
204,28,28
205,12,12
206,24,24
207,24,24
208,21,21
209,27,27
210,9,9
211,2,2
212,4,4
213,9,9
214,24,24
215,11,11
216,7,7
217,8,8
218,5,5
219,34,34
220,1,1
221,4,4
222,28,28
223,4,4
224,18,18
225,17,17
226,22,22
227,10,10
228,2,2
229,34,34
230,12,12
231,18,18
232,1,1
233,29,29
234,18,18
235,17,17
236,13,13
237,19,19
238,0,0
239,5,5
240,14,14
241,6,6
242,11,11
243,4,4
244,9,9
245,26,26
246,5,5
247,4,4
248,26,26
249,1,1
250,29,29
251,34,34
252,25,25
253,17,17
254,34,34
255,10,10
256,4,4
257,23,23
258,20,20
259,0,0
260,16,16
261,17,17
262,18,18
263,14,14
264,25,25
265,13,13
266,3,3
267,3,3
268,13,13
269,6,6
270,1,1
271,12,12
272,4,4
273,23,23
274,25,25
275,26,26
276,28,28
277,4,4
278,13,13
279,11,11
280,9,9
281,10,10
282,15,15
283,16,16
284,15,15
285,15,15
286,22,22
287,16,16
288,5,5
289,5,5
290,34,34
291,7,7
292,29,29
293,1,1
294,0,0
295,4,4
296,22,22
297,20,20
298,5,5
299,13,13
300,18,18
301,27,27
302,31,31
303,25,25
304,26,26
305,11,11
306,11,11
307,25,25
308,24,24
309,16,16
310,23,23
311,31,31
312,15,15
313,10,10
314,19,19
315,18,18
316,9,9
317,2,2
318,33,33
319,10,10
320,5,5
321,11,11
322,21,21
323,17,17
324,26,26
325,33,33
326,30,30
327,20,20
328,0,0
329,31,31
330,31,31
331,34,34
332,25,25
333,12,12
334,9,9
335,30,30
336,25,25
337,31,31
338,0,0
339,18,18
340,24,24
341,16,16
342,13,13
343,31,31
344,7,7
345,32,32
346,10,10
347,20,20
348,12,12
349,33,33
350,33,33
351,20,20
352,29,29
353,11,11
354,17,17
355,9,9
356,12,12
357,28,28
358,7,7
359,7,7
360,20,20
361,27,27
362,8,8
363,33,33
364,15,15
365,25,25
366,4,4
367,2,2
368,12,12
369,20,20
370,28,28
371,22,22
372,10,10
373,6,6
374,10,10
375,9,9
376,11,11
377,8,8
378,6,6
379,16,16
380,0,0
381,27,27
382,11,11
383,5,5
384,6,6
385,27,27
386,8,8
387,4,4
388,5,5
389,30,30
390,34,34
391,15,15
392,32,32
393,13,13
394,16,16
395,29,29
396,34,34
397,15,15
398,30,30
399,2,2
400,10,10
401,14,14
402,4,4
403,24,24
404,19,19
405,14,14
406,22,22
407,26,26
408,13,13
409,28,28
410,27,27
411,14,14
412,10,10
413,14,14
414,26,26
415,11,11
416,18,18
417,14,14
418,9,9
419,2,2
420,3,3
421,23,23
422,12,12
423,21,21
424,28,28
425,22,22
426,3,3
427,20,20
428,23,23
429,15,15
430,31,31
431,2,2
432,5,5
433,21,21
434,24,24
435,33,33
436,17,17
437,13,13
438,9,9
439,18,18
440,24,24
441,12,12
442,0,0
443,15,15
444,5,5
445,26,26
446,29,29
447,2,2
448,29,29
449,23,23
450,6,6
451,7,7
452,18,18
453,3,3
454,18,18
455,27,27
456,5,5
457,3,3
458,12,12
459,11,11
460,6,6
461,2,2
462,14,14
463,23,23
464,5,5
465,22,22
466,33,33
467,26,26
468,8,8
469,20,20
470,7,7
471,2,2
472,24,24
473,6,6
474,28,28
475,9,9
476,22,22
477,2,2
478,34,34
479,2,2
480,32,32
481,9,9
482,15,15
483,23,23
484,29,29
485,25,25
486,18,18
487,1,1
488,24,24
489,1,1
490,13,13
491,28,28
492,0,0
493,29,29
494,3,3
495,34,34
496,28,28
497,17,17
498,27,27
499,15,15
500,28,28
501,17,17
502,33,33
503,34,34
504,7,7
505,19,19
506,0,0
507,28,28
508,18,18
509,7,7
510,18,18
511,27,27
512,20,20
513,14,14
514,26,26
515,18,18
516,2,2
517,2,2
518,0,0
519,6,6
520,28,28
521,34,34
522,1,1
523,7,7
524,14,14
525,6,6
526,1,1
527,20,20
528,10,10
529,3,3
530,6,6
531,25,25
532,2,2
533,5,5
534,22,22
535,24,24
536,28,28
537,29,29
538,10,10
539,32,32
540,9,9
541,1,1
542,19,19
543,3,3
544,31,31
545,32,32
546,19,19
547,20,20
548,31,31
549,16,16
550,23,23
551,17,17
552,18,18
553,27,27
554,15,15
555,8,8
556,29,29
557,12,12
558,19,19
559,26,26
560,32,32
561,14,14
562,5,5
563,0,0
564,24,24
565,5,5
566,29,29
567,13,13
568,20,20
569,18,18
570,14,14
571,34,34
572,0,0
573,8,8
574,0,0
575,2,2
576,6,6
577,9,9
578,14,14
579,12,12
580,25,25
581,33,33
582,17,17
583,17,17
584,10,10
585,7,7
586,7,7
587,10,10
588,18,18
589,0,0
590,13,13
591,15,15
592,20,20
593,6,6
594,21,21
595,32,32
596,21,21
597,10,10
598,21,21
599,31,31
600,23,23
601,9,9
602,32,32
603,29,29
604,0,0
605,5,5
606,1,1
607,25,25
608,28,28
609,32,32
610,2,2
611,11,11
612,18,18
613,0,0
614,23,23
615,31,31
616,11,11
617,18,18
618,15,15
619,31,31
620,32,32
621,6,6
622,11,11
623,15,15
624,5,5
625,23,23
626,12,12
627,4,4
628,16,16
629,34,34
630,11,11
631,20,20
632,27,27
633,32,32
634,23,23
635,9,9
636,26,26
637,13,13
638,17,17
639,11,11
640,8,8
641,5,5
642,28,28
643,32,32
644,27,27
645,15,15
646,26,26
647,19,19
648,31,31
649,2,2
650,30,30
651,6,6
652,18,18
653,34,34
654,17,17
655,24,24
656,5,5
657,0,0
658,8,8
659,10,10
660,31,31
661,30,30
662,20,20
663,19,19
664,23,23
665,11,11
666,21,21
667,19,19
668,12,12
669,26,26
670,22,22
671,30,30
672,31,31
673,33,33
674,17,17
675,7,7
676,25,25
677,32,32
678,10,10
679,14,14
680,3,3
681,25,25
682,3,3
683,32,32
684,10,10
685,22,22
686,24,24
687,6,6
688,7,7
689,27,27
690,23,23
691,22,22
692,5,5
693,27,27
694,29,29
695,28,28
696,2,2
697,22,22
698,1,1
699,24,24
700,23,23
701,26,26
702,6,6
703,9,9
704,6,6
705,11,11
706,27,27
707,34,34
708,0,0
709,3,3
710,27,27
711,16,16
712,27,27
713,10,10
714,4,4
715,12,12
716,15,15
717,31,31
718,19,19
719,34,34
720,6,6
721,23,23
722,15,15
723,23,23
724,18,18
725,22,22
726,32,32
727,19,19
728,2,2
729,18,18
730,32,32
731,8,8
732,32,32
733,9,9
734,5,5
735,10,10
736,9,9
737,18,18
738,30,30
739,30,30
740,11,11
741,5,5
742,33,33
743,11,11
744,11,11
745,5,5
746,5,5
747,2,2
748,5,5
749,32,32
750,11,11
751,34,34
752,0,0
753,6,6
754,7,7
755,8,8
756,16,16
757,13,13
758,3,3
759,3,3
760,34,34
761,20,20
762,9,9
763,31,31
764,28,28
765,10,10
766,29,29
767,24,24
768,34,34
769,10,10
770,10,10
771,19,19
772,5,5
773,19,19
774,31,31
775,13,13
776,33,33
777,4,4
778,18,18
779,32,32
780,6,6
781,18,18
782,6,6
783,26,26
784,4,4
785,28,28
786,11,11
787,32,32
788,3,3
789,11,11
790,31,31
791,32,32
792,13,13
793,1,1
794,5,5
795,24,24
796,1,1
797,6,6
798,7,7
799,26,26
800,17,17
801,32,32
802,21,21
803,19,19
804,8,8
805,34,34
806,20,20
807,8,8
808,6,6
809,20,20
810,30,30
811,6,6
812,22,22
813,11,11
814,32,32
815,16,16
816,20,20
817,15,15
818,30,30
819,24,24
820,8,8
821,25,25
822,13,13
823,29,29
824,12,12
825,21,21
826,6,6
827,25,25
828,24,24
829,5,5
830,12,12
831,9,9
832,23,23
833,28,28
834,17,17
835,0,0
836,32,32
837,29,29
838,34,34
839,10,10
840,0,0
841,21,21
842,29,29
843,30,30
844,16,16
845,0,0
846,4,4
847,5,5
848,11,11
849,31,31
850,33,33
851,15,15
852,12,12
853,25,25
854,31,31
855,21,21
856,6,6
857,13,13
858,0,0
859,12,12
860,30,30
861,6,6
862,13,13
863,0,0
864,21,21
865,33,33
866,31,31
867,19,19
868,21,21
869,30,30
870,27,27
871,15,15
872,24,24
873,25,25
874,16,16
875,20,20
876,7,7
877,16,16
878,5,5
879,34,34
880,11,11
881,18,18
882,23,23
883,13,13
884,7,7
885,23,23
886,4,4
887,5,5
888,21,21
889,14,14
890,6,6
891,6,6
892,22,22
893,33,33
894,33,33
895,27,27
896,2,2
897,27,27
898,12,12
899,34,34
900,34,34
901,32,32
902,19,19
903,6,6
904,18,18
905,31,31
906,22,22
907,26,26
908,32,32
909,13,13
910,2,2
911,22,22
912,34,34
913,15,15
914,6,6
915,19,19
916,22,22
917,9,9
918,27,27
919,26,26
920,7,7
921,1,1
922,3,3
923,11,11
924,11,11
925,7,7
926,3,3
927,12,12
928,22,22
929,31,31
930,22,22
931,23,23
932,17,17
933,7,7
934,15,15
935,29,29
936,11,11
937,21,21
938,31,31
939,12,12
940,6,6
941,26,26
942,9,9
943,6,6
944,20,20
945,4,4
946,25,25
947,29,29
948,28,28
949,1,1
950,16,16
951,18,18
952,23,23
953,27,27
954,12,12
955,9,9
956,0,0
957,19,19
958,0,0
959,31,31
960,20,20
961,2,2
962,33,33
963,6,6
964,20,20
965,31,31
966,34,34
967,13,13
968,10,10
969,3,3
970,31,31
971,23,23
972,23,23
973,25,25
974,11,11
975,19,19
976,17,17
977,33,33
978,14,14
979,6,6
980,26,26
981,13,13
982,31,31
983,13,13
984,20,20
985,24,24
986,29,29
987,20,20
988,26,26
989,19,19
990,32,32
991,29,29
992,2,2
993,5,5
994,3,3
995,18,18
996,17,17
997,22,22
998,29,29
999,10,10
1000,33,33
1001,14,14
1002,20,20
1003,19,19
1004,28,28
1005,33,33
1006,12,12
1007,33,33
1008,0,0
1009,5,5
1010,6,6
1011,23,23
1012,17,17
1013,4,4
1014,13,13
1015,27,27
1016,12,12
1017,27,27
1018,18,18
1019,26,26
1020,23,23
1021,14,14
1022,15,15
1023,5,5
1024,6,6
1025,25,25
1026,33,33
1027,7,7
1028,13,13
1029,19,19
1030,34,34
1031,18,18
1032,30,30
1033,0,0
1034,23,23
1035,26,26
1036,26,26
1037,1,1
1038,8,8
1039,9,9
1040,34,34
1041,6,6
1042,17,17
1043,8,8
1044,34,34
1045,0,0
1046,1,1
1047,28,28
1048,4,4
1049,24,24
1050,5,5
1051,5,5
1052,32,32
1053,34,34
1054,8,8
1055,33,33
1056,17,17
1057,29,29
1058,25,25
1059,15,15
1060,33,33
1061,27,27
1062,22,22
1063,26,26
1064,16,16
1065,3,3
1066,10,10
1067,9,9
1068,32,32
1069,11,11
1070,30,30
1071,13,13
1072,13,13
1073,27,27
1074,21,21
1075,17,17
1076,3,3
1077,31,31
1078,19,19
1079,1,1
1080,24,24
1081,25,25
1082,14,14
1083,29,29
1084,31,31
1085,30,30
1086,16,16
1087,13,13
1088,27,27
1089,12,12
1090,31,31
1091,19,19
1092,21,21
1093,14,14
1094,0,0
1095,13,13
1096,20,20
1097,2,2
1098,12,12
1099,17,17
1100,8,8
1101,29,29
1102,14,14
1103,34,34
1104,25,25
1105,34,34
1106,21,21
1107,32,32
1108,34,34
1109,20,20
1110,22,22
1111,18,18
1112,22,22
1113,22,22
1114,29,29
1115,8,8
1116,17,17
1117,9,9
1118,10,10
1119,17,17
1120,29,29
1121,27,27
1122,19,19
1123,9,9
1124,22,22
1125,19,19
1126,1,1
1127,25,25
1128,4,4
1129,15,15
1130,23,23
1131,8,8
1132,19,19
1133,30,30
1134,12,12
1135,25,25
1136,13,13
1137,7,7
1138,8,8
1139,14,14
1140,27,27
1141,10,10
1142,28,28
1143,29,29
1144,27,27
1145,32,32
1146,11,11
1147,16,16
1148,28,28
1149,33,33
1150,6,6
1151,18,18
1152,14,14
1153,13,13
1154,6,6
1155,0,0
1156,5,5
1157,13,13
1158,21,21
1159,19,19
1160,30,30
1161,1,1
1162,15,15
1163,11,11
1164,28,28
1165,29,29
1166,32,32
1167,11,11
1168,19,19
1169,11,11
1170,12,12
1171,31,31
1172,12,12
1173,20,20
1174,30,30
1175,16,16
1176,3,3
1177,19,19
1178,1,1
1179,33,33
1180,4,4
1181,20,0
1182,8,8
1183,31,31
1184,4,4
1185,13,13
1186,1,1
1187,9,9
1188,15,15
1189,17,17
1190,1,1
1191,11,11
1192,18,18
1193,9,9
1194,21,21
1195,15,15
1196,16,16
1197,28,28
1198,24,24
1199,9,9
1200,14,14
1201,12,12
1202,12,12
1203,10,10
1204,10,10
1205,23,23
1206,28,28
1207,26,26
1208,15,15
1209,19,19
1210,2,2
1211,10,10
1212,2,2
1213,2,2
1214,19,19
1215,14,14
1216,31,31
1217,30,30
1218,23,23
1219,5,5
1220,27,27
1221,32,32
1222,8,8
1223,30,30
1224,5,5
1225,21,21
1226,11,11
1227,2,2
1228,31,31
1229,33,33
1230,24,24
1231,15,15
1232,4,4
1233,13,13
1234,14,14
1235,28,28
1236,30,30
1237,14,14
1238,13,13
1239,27,27
1240,10,10
1241,3,3
1242,7,7
1243,20,20
1244,23,23
1245,22,22
1246,32,32
1247,32,32
1248,11,11
1249,31,31
1250,14,14
1251,30,30
1252,20,20
1253,18,18
1254,29,29
1255,26,26
1256,22,22
1257,17,17
1258,23,23
1259,19,19
1260,32,32
1261,19,19
1262,14,14
1263,13,13
1264,31,31
1265,18,18
1266,0,0
1267,10,10
1268,16,16
1269,32,32
1270,28,28
1271,9,9
1272,17,17
1273,9,9
1274,20,20
1275,33,33
1276,2,2
1277,16,16
1278,4,4
1279,8,8
1280,1,1
1281,22,22
1282,1,1
1283,29,29
1284,32,32
1285,23,23
1286,11,11
1287,19,19
1288,21,21
1289,3,3
1290,30,30
1291,3,3
1292,10,10
1293,34,34
1294,11,11
1295,26,26
1296,24,24
1297,27,27
1298,13,13
1299,14,14
1300,30,30
1301,31,31
1302,6,6
1303,22,22
1304,1,1
1305,24,24
1306,17,17
1307,8,8
1308,27,27
1309,34,34
1310,11,11
1311,22,22
1312,0,0
1313,12,12
1314,30,30
1315,1,1
1316,32,32
1317,1,1
1318,11,11
1319,7,7
1320,33,33
1321,22,22
1322,3,3
1323,20,20
1324,2,2
1325,12,12
1326,22,22
1327,11,11
1328,24,24
1329,0,0
1330,17,17
1331,8,8
1332,29,29
1333,26,26
1334,29,29
1335,4,4
1336,25,25
1337,4,4
1338,16,16
1339,29,29
1340,0,0
1341,28,28
1342,5,5
1343,30,30
1344,26,26
1345,31,31
1346,8,8
1347,20,20
1348,6,6
1349,31,31
1350,30,30
1351,2,2
1352,24,24
1353,7,7
1354,32,32
1355,4,4
1356,21,21
1357,3,3
1358,22,22
1359,16,16
1360,24,24
1361,22,22
1362,32,32
1363,10,10
1364,25,25
1365,16,16
1366,15,15
1367,12,12
1368,1,1
1369,33,33
1370,30,30
1371,11,11
1372,25,25
1373,3,3
1374,12,12
1375,28,28
1376,18,18
1377,18,18
1378,13,13
1379,24,24
1380,14,14
1381,26,26
1382,1,1
1383,22,22
1384,0,0
1385,16,16
1386,21,21
1387,23,23
1388,18,18
1389,2,2
1390,8,8
1391,6,6
1392,32,32
1393,33,33
1394,14,14
1395,4,4
1396,0,0
1397,17,17
1398,9,9
1399,6,6
1400,34,34
1401,19,19
1402,16,16
1403,4,4
1404,24,24
1405,17,17
1406,21,21
1407,29,29
1408,8,8
1409,15,15
1410,12,12
1411,18,18
1412,34,34
1413,26,26
1414,21,21
1415,13,13
1416,16,16
1417,0,0
1418,25,25
1419,8,8
1420,32,32
1421,31,31
1422,0,0
1423,10,10
1424,31,31
1425,15,15
1426,2,2
1427,2,2
1428,9,9
1429,31,31
1430,1,1
1431,21,21
1432,5,5
1433,28,28
1434,24,24
1435,34,34
1436,14,14
1437,17,17
1438,15,15
1439,32,32
1440,14,14
1441,24,24
1442,19,19
1443,20,20
1444,28,28
1445,5,5
1446,33,33
1447,27,27
1448,28,28
1449,14,14
1450,14,14
1451,27,27
1452,15,15
1453,1,1
1454,9,9
1455,8,8
1456,26,26
1457,5,5
1458,8,8
1459,15,15
1460,15,15
1461,3,3
1462,28,28
1463,12,12
1464,22,22
1465,31,31
1466,18,18
1467,2,2
1468,34,34
1469,6,6
1470,3,3
1471,28,28
1472,0,0
1473,30,30
1474,5,5
1475,18,18
1476,0,0
1477,7,7
1478,23,23
1479,25,25
1480,29,29
1481,10,10
1482,25,25
1483,7,7
1484,30,30
1485,1,1
1486,9,9
1487,8,8
1488,19,19
1489,5,5
1490,32,32
1491,3,3
1492,8,8
1493,29,29
1494,12,12
1495,3,3
1496,33,33
1497,4,4
1498,4,4
1499,21,21
1500,19,19
1501,34,34
1502,2,2
1503,11,11
1504,9,9
1505,24,24
1506,15,15
1507,32,32
1508,25,25
1509,26,26
1510,0,0
1511,22,22
1512,16,16
1513,13,13
1514,15,15
1515,22,22
1516,3,3
1517,28,28
1518,7,7
1519,11,11
1520,21,21
1521,8,8
1522,16,16
1523,22,22
1524,27,27
1525,1,1
1526,11,11
1527,18,18
1528,20,20
1529,31,31
1530,7,7
1531,13,13
1532,18,18
1533,17,17
1534,12,12
1535,23,23
1536,23,23
1537,0,0
1538,5,5
1539,0,0
1540,25,25
1541,8,8
1542,10,10
1543,22,22
1544,25,25
1545,26,26
1546,24,24
1547,3,3
1548,7,7
1549,17,17
1550,29,29
1551,18,18
1552,6,6
1553,9,9
1554,18,18
1555,5,5
1556,23,23
1557,16,16
1558,9,9
1559,0,0
1560,26,26
1561,34,34
1562,29,29
1563,22,22
1564,11,11
1565,30,30
1566,2,2
1567,27,27
1568,33,33
1569,16,16
1570,20,20
1571,2,2
1572,27,27
1573,12,12
1574,20,20
1575,21,21
1576,11,11
1577,12,12
1578,8,8
1579,17,17
1580,3,3
1581,4,4
1582,2,2
1583,8,8
1584,3,3
1585,32,32
1586,30,30
1587,20,20
1588,28,28
1589,31,31
1590,22,22
1591,4,4
1592,27,27
1593,14,14
1594,17,17
1595,0,0
1596,22,22
1597,7,7
1598,28,28
1599,9,9
1600,15,15
1601,12,12
1602,20,20
1603,30,30
1604,33,33
1605,13,13
1606,10,10
1607,12,12
1608,20,20
1609,24,24
1610,30,30
1611,13,13
1612,28,28
1613,3,3
1614,26,26
1615,11,11
1616,27,27
1617,22,22
1618,17,17
1619,9,9
1620,8,8
1621,28,28
1622,30,30
1623,30,30
1624,25,25
1625,6,6
1626,10,10
1627,2,2
1628,1,1
1629,31,31
1630,21,21
1631,27,27
1632,22,22
1633,9,9
1634,16,16
1635,28,28
1636,9,9
1637,12,12
1638,32,32
1639,1,1
1640,18,18
1641,27,27
1642,11,11
1643,9,9
1644,6,6
1645,15,15
1646,8,8
1647,30,30
1648,0,0
1649,25,25
1650,3,3
1651,11,11
1652,22,22
1653,28,28
1654,21,21
1655,21,21
1656,11,11
1657,4,4
1658,9,9
1659,6,6
1660,31,31
1661,1,1
1662,24,24
1663,15,15
1664,29,29
1665,31,31
1666,34,34
1667,3,3
1668,26,26
1669,19,19
1670,5,5
1671,28,28
1672,3,3
1673,34,34
1674,19,19
1675,21,21
1676,16,16
1677,17,17
1678,13,13
1679,33,33
1680,30,30
1681,27,27
1682,1,1
1683,30,30
1684,5,5
1685,26,26
1686,7,7
1687,16,16
1688,7,7
1689,23,23
1690,14,14
1691,2,2
1692,22,22
1693,22,22
1694,23,23
1695,32,32
1696,8,8
1697,31,31
1698,19,19
1699,7,7
1700,19,19
1701,20,20
1702,12,12
1703,20,20
1704,19,19
1705,5,5
1706,5,5
1707,33,33
1708,3,3
1709,2,2
1710,10,10
1711,4,4
1712,15,15
1713,29,29
1714,21,21
1715,10,10
1716,20,20
1717,27,27
1718,27,27
1719,24,24
1720,24,24
1721,18,18
1722,19,19
1723,30,30
1724,1,1
1725,5,5
1726,12,12
1727,12,12
1728,21,21
1729,25,25
1730,12,12
1731,31,31
1732,27,27
1733,34,34
1734,8,8
1735,26,26
1736,3,3
1737,31,31
1738,14,14
1739,27,27
1740,28,28
1741,8,8
1742,6,6
1743,28,28
1744,33,33
1745,20,20
1746,14,14
1747,5,5
1748,11,11
1749,27,27
1750,15,15
1751,26,26
1752,8,8
1753,4,4
1754,24,24
1755,4,4
1756,33,33
1757,15,15
1758,26,26
1759,9,9
1760,0,0
1761,30,30
1762,26,26
1763,18,18
1764,22,22
1765,18,18
1766,17,17
1767,23,23
1768,34,34
1769,29,29
1770,21,21
1771,33,33
1772,0,0
1773,30,30
1774,0,0
1775,12,12
1776,14,14
1777,27,27
1778,24,24
1779,1,1
1780,15,15
1781,5,5
1782,30,30
1783,32,32
1784,3,3
1785,28,28
1786,28,28
1787,2,2
1788,32,32
1789,13,13
1790,21,21
1791,24,24
1792,12,12
1793,17,17
1794,1,1
1795,29,29
1796,5,5
1797,34,34
1798,31,31
1799,7,7
1800,30,30
1801,22,22
1802,3,3
1803,28,28
1804,28,28
1805,10,10
1806,32,32
1807,13,13
1808,21,21
1809,32,32
1810,8,8
1811,11,11
1812,9,9
1813,18,18
1814,29,29
1815,28,28
1816,20,20
1817,8,8
1818,15,15
1819,3,3
1820,17,17
1821,34,34
1822,5,5
1823,17,17
1824,19,19
1825,2,2
1826,24,24
1827,8,8
1828,25,25
1829,4,4
1830,21,21
1831,10,10
1832,18,18
1833,23,23
1834,7,7
1835,13,13
1836,13,13
1837,15,15
1838,17,17
1839,12,12
1840,23,23
1841,34,34
1842,10,10
1843,18,18
1844,12,12
1845,14,14
1846,27,27
1847,5,5
1848,28,28
1849,30,30
1850,26,26
1851,18,18
1852,22,22
1853,21,21
1854,31,31
1855,9,9
1856,9,9
1857,32,32
1858,12,12
1859,23,23
1860,4,4
1861,4,4
1862,19,19
1863,11,11
1864,29,29
1865,25,25
1866,4,4
1867,31,31
1868,26,26
1869,1,1
1870,33,33
1871,18,18
1872,23,23
1873,3,3
1874,7,7
1875,9,9
1876,1,1
1877,12,12
1878,18,18
1879,25,25
1880,13,13
1881,21,21
1882,18,18
1883,22,22
1884,7,7
1885,2,2
1886,15,15
1887,3,3
1888,5,5
1889,4,4
1890,3,3
1891,34,34
1892,9,9
1893,3,3
1894,0,0
1895,5,5
1896,0,0
1897,11,11
1898,26,26
1899,4,4
1900,21,21
1901,12,12
1902,0,0
1903,26,26
1904,34,34
1905,19,19
1906,31,31
1907,18,18
1908,7,7
1909,33,33
1910,32,32
1911,18,18
1912,22,22
1913,15,15
1914,11,11
1915,20,20
1916,11,11
1917,25,25
1918,3,3
1919,33,33
1920,1,1
1921,27,27
1922,22,22
1923,32,32
1924,8,8
1925,25,25
1926,21,21
1927,4,4
1928,30,30
1929,27,27
1930,4,4
1931,15,15
1932,17,17
1933,23,23
1934,10,10
1935,24,24
1936,17,17
1937,13,13
1938,9,9
1939,24,24
1940,2,2
1941,30,30
1942,12,12
1943,8,8
1944,22,22
1945,12,12
1946,6,6
1947,28,28
1948,28,28
1949,7,7
1950,24,24
1951,16,16
1952,26,26
1953,26,26
1954,8,8
1955,21,21
1956,19,19
1957,33,33
1958,13,13
1959,14,14
1960,25,25
1961,30,30
1962,19,19
1963,28,28
1964,10,10
1965,11,11
1966,1,1
1967,8,8
1968,1,1
1969,15,15
1970,15,15
1971,29,29
1972,33,33
1973,32,32
1974,16,16
1975,8,8
1976,0,0
1977,19,19
1978,7,7
1979,22,22
1980,21,21
1981,26,26
1982,25,25
1983,26,26
1984,0,0
1985,22,22
1986,4,4
1987,16,16
1988,15,15
1989,12,12
1990,10,10
1991,15,15
1992,32,32
1993,31,31
1994,10,10
1995,15,15
1996,31,31
1997,12,12
1998,13,13
1999,14,14
2000,30,30
2001,0,0
2002,7,7
2003,9,9
2004,31,31
2005,12,12
2006,19,19
2007,34,34
2008,28,28
2009,18,18
2010,20,20
2011,34,34
2012,12,12
2013,6,6
2014,17,17
2015,29,29
2016,1,1
2017,34,34
2018,24,24
2019,8,8
2020,6,6
2021,4,4
2022,25,25
2023,7,7
2024,1,1
2025,29,29
2026,23,23
2027,18,18
2028,30,30
2029,33,33
2030,9,9
2031,3,3
2032,27,27
2033,20,20
2034,27,27
2035,10,10
2036,29,29
2037,32,32
2038,2,2
2039,8,8
2040,32,32
2041,9,9
2042,13,13
2043,34,34
2044,32,32
2045,14,14
2046,19,19
2047,19,19
2048,15,15
2049,13,13
2050,24,24
2051,25,25
2052,28,28
2053,15,15
2054,15,15
2055,20,20
2056,5,5
2057,13,13
2058,13,13
2059,30,30
2060,34,34
2061,15,15
2062,33,33
2063,26,26
2064,23,23
2065,9,9
2066,1,1
2067,23,23
2068,1,1
2069,29,29
2070,27,27
2071,4,4
2072,21,21
2073,2,2
2074,13,13
2075,10,10
2076,23,23
2077,32,32
2078,28,28
2079,14,14
2080,20,20
2081,16,16
2082,20,20
2083,17,17
2084,21,21
2085,19,19
2086,26,26
2087,8,8
2088,4,4
2089,21,21
2090,26,26
2091,19,19
2092,21,21
2093,19,19
2094,20,20
2095,7,7
2096,26,26
2097,26,26
2098,13,13
2099,30,30
2100,19,19
2101,1,1
2102,18,18
2103,5,5
2104,0,0
2105,4,4
2106,7,7
2107,19,19
2108,11,11
2109,23,23
2110,3,3
2111,10,10
2112,27,27
2113,32,32
2114,30,30
2115,1,1
2116,17,17
2117,14,14
2118,14,14
2119,21,21
2120,0,0
2121,17,17
2122,31,31
2123,24,24
2124,19,19
2125,29,29
2126,29,29
2127,6,6
2128,7,7
2129,20,20
2130,16,16
2131,10,10
2132,17,17
2133,23,23
2134,8,8
2135,7,7
2136,28,28
2137,26,26
2138,30,30
2139,9,9
2140,21,21
2141,34,34
2142,24,24
2143,2,2
2144,15,15
2145,18,18
2146,26,26
2147,1,1
2148,33,33
2149,10,10
2150,23,23
2151,11,11
2152,8,8
2153,33,33
2154,13,13
2155,6,6
2156,18,18
2157,6,6
2158,24,24
2159,5,5
2160,1,1
2161,31,31
2162,7,7
2163,8,8
2164,14,14
2165,27,27
2166,16,16
2167,27,27
2168,23,23
2169,20,20
2170,20,20
2171,17,17
2172,8,8
2173,14,14
2174,20,20
2175,8,8
2176,14,14
2177,20,20
2178,20,20
2179,12,12
2180,31,31
2181,17,17
2182,19,19
2183,30,30
2184,9,9
2185,6,6
2186,0,0
2187,2,2
2188,19,19
2189,28,28
2190,17,17
2191,15,15
2192,20,20
2193,6,6
2194,29,29
2195,28,28
2196,27,27
2197,26,26
2198,10,10
2199,10,10
2200,19,19
2201,20,20
2202,26,26
2203,12,12
2204,5,5
2205,19,19
2206,30,30
2207,20,20
2208,21,21
2209,19,19
2210,33,33
2211,25,25
2212,8,8
2213,12,12
2214,7,7
2215,18,18
2216,27,27
2217,11,11
2218,7,7
2219,21,21
2220,28,28
2221,5,5
2222,14,14
2223,17,17
2224,23,23
2225,8,8
2226,19,19
2227,11,11
2228,15,15
2229,2,2
2230,19,19
2231,3,3
2232,22,22
2233,22,22
2234,10,10
2235,18,18
2236,26,26
2237,19,19
2238,11,11
2239,22,22
2240,12,12
2241,33,33
2242,1,1
2243,14,14
2244,30,30
2245,12,12
2246,23,23
2247,11,11
2248,1,1
2249,25,25
2250,26,26
2251,34,34
2252,4,4
2253,20,20
2254,15,15
2255,3,3
2256,3,3
2257,15,15
2258,6,6
2259,18,18
2260,14,14
2261,15,15
2262,32,32
2263,9,33
2264,23,23
2265,0,0
2266,33,33
2267,6,6
2268,30,30
2269,16,16
2270,4,4
2271,12,12
2272,29,29
2273,22,22
2274,13,13
2275,13,13
2276,22,22
2277,18,18
2278,27,27
2279,34,34
2280,27,27
2281,7,7
2282,16,16
2283,8,8
2284,14,14
2285,29,29
2286,13,13
2287,10,10
2288,26,26
2289,14,14
2290,1,1
2291,25,25
2292,25,25
2293,33,33
2294,14,14
2295,28,28
2296,30,30
2297,1,1
2298,8,8
2299,28,28
2300,10,10
2301,0,0
2302,20,20
2303,30,30
2304,14,14
2305,30,30
2306,16,16
2307,16,16
2308,31,31
2309,5,5
2310,8,8
2311,10,10
2312,34,34
2313,25,25
2314,18,18
2315,31,31
2316,6,6
2317,13,13
2318,33,33
2319,4,4
2320,21,21
2321,0,0
2322,24,24
2323,2,2
2324,34,34
2325,22,22
2326,30,30
2327,22,22
2328,33,33
2329,18,18
2330,2,2
2331,4,4
2332,8,8
2333,33,33
2334,12,12
2335,17,17
2336,30,30
2337,34,34
2338,18,18
2339,2,2
2340,1,1
2341,32,32
2342,9,9
2343,16,16
2344,4,4
2345,34,34
2346,28,28
2347,14,14
2348,34,34
2349,19,19
2350,7,7
2351,10,10
2352,25,25
2353,29,29
2354,34,34
2355,30,30
2356,33,33
2357,5,5
2358,19,19
2359,23,23
2360,14,14
2361,17,17
2362,16,16
2363,22,22
2364,19,19
2365,13,13
2366,25,25
2367,26,26
2368,28,28
2369,12,12
2370,17,17
2371,33,33
2372,33,33
2373,4,4
2374,16,16
2375,25,25
2376,27,27
2377,7,7
2378,20,20
2379,1,1
2380,23,23
2381,19,19
2382,15,15
2383,32,32
2384,14,14
2385,34,34
2386,7,7
2387,29,29
2388,16,16
2389,1,1
2390,2,2
2391,0,0
2392,23,23
2393,13,13
2394,10,10
2395,22,22
2396,7,7
2397,10,10
2398,18,18
2399,30,30
2400,5,5
2401,14,14
2402,8,8
2403,10,10
2404,25,25
2405,30,30
2406,26,26
2407,16,16
2408,8,8
2409,13,13
2410,18,18
2411,16,16
2412,19,19
2413,33,33
2414,11,11
2415,24,24
2416,20,20
2417,15,15
2418,8,8
2419,29,29
2420,10,10
2421,20,20
2422,29,29
2423,25,25
2424,19,19
2425,32,32
2426,9,9
2427,23,23
2428,5,5
2429,31,31
2430,22,22
2431,26,26
2432,26,26
2433,21,21
2434,31,31
2435,28,28
2436,30,30
2437,34,34
2438,21,21
2439,34,34
2440,1,1
2441,5,5
2442,13,13
2443,10,10
2444,17,17
2445,4,4
2446,28,28
2447,2,2
2448,2,2
2449,5,5
2450,28,28
2451,0,0
2452,32,32
2453,9,9
2454,17,17
2455,15,15
2456,4,4
2457,6,6
2458,21,21
2459,33,33
2460,6,6
2461,20,20
2462,16,16
2463,34,34
2464,32,32
2465,18,18
2466,34,34
2467,4,4
2468,32,32
2469,3,3
2470,24,24
2471,9,9
2472,2,2
2473,12,12
2474,2,2
2475,8,8
2476,2,2
2477,2,2
2478,2,2
2479,3,3
2480,26,26
2481,15,15
2482,16,16
2483,19,19
2484,7,7
2485,13,13
2486,23,23
2487,19,19
2488,28,28
2489,17,17
2490,22,22
2491,22,22
2492,8,8
2493,25,25
2494,33,33
2495,11,11
2496,20,20
2497,16,16
2498,17,17
2499,0,0
2500,5,5
2501,27,27
2502,10,10
2503,22,22
2504,29,29
2505,30,30
2506,33,33
2507,6,6
2508,8,8
2509,29,29
2510,26,26
2511,4,4
2512,28,28
2513,7,7
2514,24,24
2515,9,9
2516,4,4
2517,34,34
2518,25,25
2519,18,18
2520,13,13
2521,4,4
2522,34,34
2523,7,7
2524,31,31
2525,34,34
2526,11,11
2527,7,7
2528,18,18
2529,3,3
2530,2,2
2531,33,33
2532,30,30
2533,1,1
2534,11,11
2535,29,29
2536,34,34
2537,21,21
2538,4,4
2539,15,15
2540,17,17
2541,18,18
2542,33,33
2543,12,12
2544,0,0
2545,8,8
2546,13,13
2547,34,34
2548,5,5
2549,8,8
2550,28,28
2551,32,32
2552,32,32
2553,4,4
2554,33,33
2555,18,18
2556,33,33
2557,29,29
2558,9,9
2559,31,31
2560,26,26
2561,31,31
2562,33,33
2563,11,11
2564,26,26
2565,8,8
2566,7,7
2567,3,3
2568,24,24
2569,30,30
2570,28,28
2571,24,24
2572,26,26
2573,23,23
2574,30,30
2575,17,17
2576,4,4
2577,8,8
2578,2,2
2579,20,20
2580,29,29
2581,6,6
2582,21,21
2583,16,16
2584,18,18
2585,10,10
2586,11,11
2587,3,3
2588,28,28
2589,7,7
2590,17,17
2591,9,9
2592,17,17
2593,33,33
2594,5,5
2595,16,16
2596,16,16
2597,32,32
2598,22,22
2599,17,17
2600,10,10
2601,20,20
2602,3,3
2603,0,0
2604,12,12
2605,22,22
2606,4,4
2607,34,34
2608,21,21
2609,23,23
2610,34,34
2611,21,21
2612,23,23
2613,2,2
2614,9,9
2615,30,30
2616,24,24
2617,21,21
2618,13,13
2619,4,4
2620,11,11
2621,32,32
2622,17,17
2623,31,31
2624,31,31
2625,22,22
2626,25,25
2627,18,18
2628,29,29
2629,28,28
2630,16,16
2631,2,2
2632,18,18
2633,20,20
2634,1,1
2635,12,12
2636,8,8
2637,4,4
2638,16,16
2639,28,28
2640,5,5
2641,6,6
2642,5,5
2643,21,21
2644,28,28
2645,10,10
2646,20,20
2647,6,6
2648,11,11
2649,25,25
2650,26,26
2651,16,16
2652,0,0
2653,7,7
2654,13,13
2655,24,24
2656,20,20
2657,26,26
2658,23,23
2659,4,4
2660,17,17
2661,21,21
2662,6,6
2663,19,19
2664,33,33
2665,25,25
2666,34,34
2667,32,32
2668,3,3
2669,30,30
2670,24,24
2671,32,32
2672,11,11
2673,14,14
2674,24,24
2675,12,12
2676,24,24
2677,16,16
2678,27,27
2679,13,13
2680,0,0
2681,1,1
2682,11,11
2683,23,23
2684,29,29
2685,4,4
2686,4,4
2687,9,9
2688,14,14
2689,20,20
2690,1,1
2691,14,14
2692,29,29
2693,7,7
2694,33,33
2695,25,25
2696,8,8
2697,4,4
2698,17,17
2699,15,15
2700,24,24
2701,1,1
2702,4,4
2703,20,20
2704,13,13
2705,1,1
2706,29,29
2707,13,13
2708,17,17
2709,34,34
2710,4,4
2711,28,28
2712,32,32
2713,13,13
2714,21,21
2715,12,12
2716,34,34
2717,19,19
2718,2,2
2719,0,0
2720,10,10
2721,23,23
2722,27,27
2723,2,2
2724,24,24
2725,13,13
2726,32,32
2727,19,19
2728,23,23
2729,4,4
2730,9,9
2731,34,34
2732,21,21
2733,30,30
2734,27,27
2735,8,8
2736,16,16
2737,25,25
2738,13,13
2739,4,4
2740,15,15
2741,11,11
2742,33,33
2743,19,19
2744,5,5
2745,5,5
2746,16,16
2747,15,15
2748,11,11
2749,29,29
2750,1,1
2751,16,16
2752,7,7
2753,11,11
2754,23,23
2755,4,4
2756,27,27
2757,2,2
2758,14,14
2759,29,29
2760,10,10
2761,10,10
2762,21,21
2763,3,3
2764,23,23
2765,34,34
2766,0,0
2767,16,16
2768,2,2
2769,26,26
2770,9,9
2771,26,26
2772,28,28
2773,15,15
2774,32,32
2775,13,13
2776,3,3
2777,15,15
2778,14,14
2779,31,31
2780,28,28
2781,9,9
2782,24,24
2783,18,18
2784,4,4
2785,16,16
2786,24,24
2787,17,17
2788,12,12
2789,21,21
2790,17,17
2791,5,5
2792,11,11
2793,11,11
2794,24,24
2795,9,9
2796,32,32
2797,25,25
2798,4,4
2799,10,10
2800,19,19
2801,2,2
2802,23,23
2803,29,29
2804,10,10
2805,12,12
2806,17,17
2807,34,34
2808,21,21
2809,2,2
2810,27,27
2811,30,30
2812,22,22
2813,34,34
2814,19,19
2815,32,32
2816,12,12
2817,28,28
2818,21,21
2819,24,24
2820,9,9
2821,16,16
2822,20,20
2823,14,14
2824,5,5
2825,26,26
2826,21,21
2827,14,14
2828,9,9
2829,3,3
2830,0,0
2831,3,3
2832,5,5
2833,34,34
2834,25,25
2835,9,9
2836,22,22
2837,2,2
2838,1,1
2839,33,33
2840,24,24
2841,23,23
2842,27,27
2843,32,32
2844,5,5
2845,9,9
2846,1,1
2847,19,19
2848,24,24
2849,27,27
2850,8,8
2851,34,34
2852,15,15
2853,33,33
2854,15,15
2855,34,34
2856,11,11
2857,22,22
2858,13,13
2859,7,7
2860,8,8
2861,23,23
2862,22,22
2863,4,4
2864,6,6
2865,9,9
2866,13,13
2867,5,5
2868,34,34
2869,21,21
2870,32,32
2871,19,19
2872,12,12
2873,13,13
2874,23,23
2875,12,12
2876,12,12
2877,17,17
2878,25,25
2879,3,3
2880,9,9
2881,18,18
2882,21,21
2883,10,10
2884,31,31
2885,1,1
2886,34,34
2887,16,16
2888,27,27
2889,31,31
2890,15,15
2891,24,24
2892,3,3
2893,8,8
2894,16,16
2895,14,14
2896,12,12
2897,17,17
2898,0,0
2899,33,33
2900,27,27
2901,3,3
2902,16,16
2903,33,33
2904,14,14
2905,21,21
2906,17,17
2907,14,14
2908,14,14
2909,8,8
2910,30,30
2911,5,5
2912,9,9
2913,13,13
2914,23,23
2915,5,5
2916,2,2
2917,21,21
2918,31,31
2919,32,32
2920,20,20
2921,14,14
2922,9,9
2923,4,4
2924,27,27
2925,17,17
2926,12,12
2927,34,34
2928,4,4
2929,32,32
2930,21,21
2931,15,15
2932,31,31
2933,19,19
2934,3,3
2935,9,9
2936,9,9
2937,34,34
2938,27,27
2939,26,26
2940,14,14
2941,2,2
2942,5,5
2943,7,7
2944,13,13
2945,32,32
2946,33,33
2947,12,12
2948,9,9
2949,33,33
2950,20,20
2951,30,30
2952,21,21
2953,33,33
2954,16,16
2955,28,28
2956,20,20
2957,12,12
2958,25,25
2959,21,21
2960,34,34
2961,20,20
2962,14,14
2963,8,8
2964,4,4
2965,18,18
2966,17,17
2967,31,31
2968,15,15
2969,14,14
2970,23,23
2971,15,15
2972,32,32
2973,32,32
2974,1,1
2975,16,16
2976,8,8
2977,13,13
2978,30,30
2979,15,15
2980,1,1
2981,8,8
2982,19,19
2983,9,9
2984,10,10
2985,1,1
2986,2,2
2987,32,32
2988,33,33
2989,4,4
2990,15,15
2991,32,32
2992,15,15
2993,34,34
2994,31,31
2995,6,6
2996,17,17
2997,13,13
2998,15,15
2999,6,6
3000,7,7
3001,0,0
3002,21,21
3003,22,22
3004,4,4
3005,8,8
3006,4,4
3007,26,26
3008,26,26
3009,14,14
3010,17,17
3011,27,27
3012,18,18
3013,11,11
3014,5,5
3015,21,21
3016,6,6
3017,19,19
3018,11,11
3019,4,4
3020,8,8
3021,13,13
3022,30,30
3023,2,2
3024,25,25
3025,22,22
3026,6,6
3027,29,29
3028,28,28
3029,28,28
3030,17,17
3031,28,28
3032,19,19
3033,10,10
3034,29,29
3035,22,22
3036,1,1
3037,3,3
3038,26,26
3039,23,23
3040,14,14
3041,13,13
3042,22,22
3043,13,13
3044,31,31
3045,25,25
3046,31,31
3047,16,16
3048,31,31
3049,1,1
3050,9,9
3051,1,1
3052,27,27
3053,3,3
3054,29,29
3055,10,10
3056,17,17
3057,23,23
3058,26,26
3059,14,14
3060,7,7
3061,18,18
3062,0,0
3063,0,0
3064,0,0
3065,2,2
3066,24,24
3067,6,6
3068,34,34
3069,19,19
3070,14,14
3071,31,31
3072,12,12
3073,17,17
3074,14,14
3075,22,22
3076,32,32
3077,7,7
3078,3,3
3079,34,34
3080,10,10
3081,25,25
3082,20,20
3083,23,23
3084,11,11
3085,28,28
3086,6,6
3087,7,7
3088,29,29
3089,10,10
3090,16,16
3091,28,28
3092,1,1
3093,14,14
3094,15,15
3095,12,12
3096,10,10
3097,11,11
3098,21,21
3099,26,26
3100,1,1
3101,10,10
3102,13,13
3103,14,14
3104,18,18
3105,8,8
3106,2,2
3107,15,15
3108,10,10
3109,3,3
3110,34,34
3111,33,33
3112,23,23
3113,10,10
3114,24,24
3115,16,16
3116,10,10
3117,15,15
3118,5,5
3119,20,20
3120,21,21
3121,25,25
3122,19,19
3123,27,27
3124,12,12
3125,3,3
3126,24,24
3127,4,4
3128,8,8
3129,10,10
3130,27,27
3131,33,33
3132,28,28
3133,2,2
3134,6,6
3135,19,19
3136,26,26
3137,7,7
3138,2,2
3139,4,4
3140,0,0
3141,1,1
3142,14,14
3143,30,30
3144,28,28
3145,9,9
3146,3,3
3147,4,4
3148,18,18
3149,28,28
3150,31,31
3151,6,6
3152,27,27
3153,34,34
3154,34,34
3155,0,0
3156,12,12
3157,25,25
3158,18,18
3159,0,0
3160,0,0
3161,9,9
3162,7,7
3163,8,8
3164,6,6
3165,16,16
3166,11,11
3167,23,23
3168,16,16
3169,29,29
3170,13,13
3171,19,19
3172,33,33
3173,30,30
3174,4,4
3175,3,3
3176,19,19
3177,7,7
3178,30,30
3179,30,30
3180,22,22
3181,4,4
3182,15,15
3183,23,23
3184,1,1
3185,25,25
3186,23,23
3187,28,28
3188,5,5
3189,16,16
3190,0,0
3191,26,26
3192,29,29
3193,16,16
3194,21,21
3195,15,15
3196,8,8
3197,25,25
3198,0,0
3199,10,10
3200,27,27
3201,3,3
3202,23,23
3203,7,7
3204,29,29
3205,25,25
3206,21,21
3207,9,9
3208,31,31
3209,6,6
3210,24,24
3211,12,12
3212,10,10
3213,1,1
3214,21,21
3215,8,8
3216,15,15
3217,20,20
3218,6,6
3219,6,6
3220,5,5
3221,30,30
3222,21,21
3223,12,12
3224,12,12
3225,21,21
3226,18,18
3227,18,18
3228,33,33
3229,18,18
3230,6,6
3231,30,30
3232,5,5
3233,7,7
3234,9,9
3235,8,8
3236,24,24
3237,28,28
3238,9,9
3239,8,8
3240,17,17
3241,23,23
3242,17,17
3243,16,16
3244,28,28
3245,17,17
3246,1,1
3247,2,2
3248,24,24
3249,17,17
3250,1,1
3251,15,15
3252,14,14
3253,6,6
3254,34,34
3255,31,31
3256,19,19
3257,26,26
3258,1,1
3259,19,19
3260,16,16
3261,21,21
3262,13,13
3263,7,7
3264,26,26
3265,14,14
3266,0,0
3267,15,15
3268,0,0
3269,30,30
3270,19,19
3271,14,14
3272,6,6
3273,2,2
3274,22,22
3275,28,28
3276,6,6
3277,1,1
3278,19,19
3279,22,22
3280,5,5
3281,7,7
3282,16,16
3283,6,6
3284,13,13
3285,26,26
3286,3,3
3287,33,33
3288,33,33
3289,34,34
3290,13,13
3291,34,34
3292,4,4
3293,2,2
3294,24,24
3295,4,4
3296,23,23
3297,15,15
3298,18,18
3299,29,29
3300,1,1
3301,32,32
3302,2,2
3303,6,6
3304,4,4
3305,16,16
3306,25,25
3307,27,27
3308,3,3
3309,4,4
3310,2,2
3311,5,5
3312,33,33
3313,18,18
3314,6,6
3315,31,31
3316,3,3
3317,4,4
3318,7,7
3319,22,22
3320,32,32
3321,26,26
3322,9,9
3323,0,0
3324,31,31
3325,19,19
3326,9,9
3327,12,12
3328,31,31
3329,9,9
3330,11,11
3331,28,28
3332,19,19
3333,25,25
3334,28,28
3335,4,4
3336,15,15
3337,6,6
3338,4,4
3339,26,26
3340,6,6
3341,30,30
3342,22,22
3343,14,14
3344,22,22
3345,18,18
3346,20,20
3347,3,3
3348,13,13
3349,29,29
3350,7,7
3351,3,3
3352,1,1
3353,10,10
3354,3,3
3355,1,1
3356,21,21
3357,0,0
3358,24,24
3359,3,3
3360,2,2
3361,21,21
3362,28,28
3363,6,6
3364,25,25
3365,22,22
3366,21,21
3367,21,21
3368,29,29
3369,6,6
3370,18,18
3371,6,6
3372,5,5
3373,22,22
3374,28,28
3375,5,5
3376,31,31
3377,26,26
3378,20,20
3379,33,33
3380,22,22
3381,33,33
3382,33,33
3383,24,24
3384,18,18
3385,14,14
3386,9,9
3387,33,33
3388,31,31
3389,13,13
3390,19,19
3391,19,19
3392,30,30
3393,25,25
3394,14,14
3395,15,15
3396,9,9
3397,26,26
3398,24,24
3399,20,20
3400,2,2
3401,29,29
3402,25,25
3403,14,14
3404,28,28
3405,11,11
3406,31,31
3407,34,34
3408,34,34
3409,2,2
3410,16,16
3411,6,6
3412,33,33
3413,0,0
3414,30,30
3415,19,19
3416,27,27
3417,21,21
3418,15,15
3419,2,2
3420,33,33
3421,12,12
3422,12,12
3423,17,17
3424,2,2
3425,16,16
3426,8,8
3427,24,24
3428,14,14
3429,31,31
3430,9,9
3431,10,10
3432,8,8
3433,17,17
3434,18,18
3435,4,4
3436,27,27
3437,0,0
3438,6,6
3439,29,29
3440,11,11
3441,22,22
3442,29,29
3443,29,29
3444,27,27
3445,13,13
3446,16,16
3447,3,3
3448,6,6
3449,17,17
3450,26,26
3451,7,7
3452,20,20
3453,9,9
3454,3,3
3455,26,26
3456,15,15
3457,9,9
3458,27,27
3459,6,6
3460,21,21
3461,10,10
3462,28,28
3463,17,17
3464,11,11
3465,21,21
3466,14,14
3467,6,6
3468,16,16
3469,29,29
3470,26,26
3471,10,10
3472,34,34
3473,3,3
3474,32,32
3475,17,17
3476,21,21
3477,14,14
3478,27,27
3479,10,10
3480,24,24
3481,9,9
3482,23,23
3483,25,25
3484,29,29
3485,22,22
3486,2,2
3487,16,16
3488,34,34
3489,10,10
3490,13,13
3491,32,32
3492,20,20
3493,31,31
3494,19,19
3495,17,17
3496,25,25
3497,34,34
3498,27,27
3499,2,2
3500,24,24
3501,4,4
3502,32,32
3503,7,7
3504,2,2
3505,3,3
3506,26,26
3507,14,14
3508,13,13
3509,16,16
3510,25,25
3511,0,0
3512,3,3
3513,3,3
3514,32,32
3515,28,28
3516,19,19
3517,24,24
3518,15,15
3519,32,32
3520,15,15
3521,4,4
3522,17,17
3523,10,10
3524,0,0
3525,28,28
3526,12,12
3527,30,30
3528,4,4
3529,18,18
3530,20,20
3531,23,23
3532,1,1
3533,28,28
3534,26,26
3535,8,8
3536,20,20
3537,34,34
3538,24,24
3539,26,26
3540,32,32
3541,28,28
3542,25,25
3543,13,13
3544,21,21
3545,14,14
3546,16,16
3547,18,18
3548,0,0
3549,17,17
3550,24,24
3551,27,27
3552,0,0
3553,14,14
3554,22,22
3555,27,27
3556,34,34
3557,6,6
3558,34,34
3559,23,23
3560,10,10
3561,29,29
3562,1,1
3563,33,33
3564,2,2
3565,5,5
3566,17,17
3567,15,15
3568,28,28
3569,2,2
3570,17,17
3571,32,32
3572,18,18
3573,20,20
3574,33,33
3575,12,12
3576,2,2
3577,16,16
3578,25,25
3579,24,24
3580,26,26
3581,25,25
3582,23,23
3583,11,11
3584,34,34
3585,5,5
3586,12,12
3587,8,8
3588,24,24
3589,14,14
3590,0,0
3591,15,15
3592,1,1
3593,9,9
3594,21,21
3595,10,10
3596,6,6
3597,2,2
3598,5,5
3599,14,14
3600,12,12
3601,26,26
3602,27,27
3603,17,17
3604,5,5
3605,13,13
3606,9,9
3607,33,33
3608,32,32
3609,12,12
3610,29,29
3611,1,1
3612,32,32
3613,26,26
3614,13,13
3615,7,7
3616,5,5
3617,24,24
3618,9,9
3619,31,31
3620,10,10
3621,24,24
3622,3,3
3623,30,30
3624,6,6
3625,9,9
3626,15,15
3627,17,17
3628,15,15
3629,28,28
3630,8,8
3631,9,9
3632,20,20
3633,15,15
3634,24,24
3635,13,13
3636,17,17
3637,26,26
3638,25,25
3639,24,24
3640,18,18
3641,7,7
3642,31,31
3643,6,6
3644,26,26
3645,24,24
3646,2,2
3647,1,1
3648,29,29
3649,32,32
3650,6,6
3651,26,26
3652,9,9
3653,26,26
3654,16,16
3655,34,34
3656,0,0
3657,7,7
3658,3,3
3659,21,21
3660,20,20
3661,31,31
3662,17,17
3663,7,7
3664,15,15
3665,23,23
3666,13,13
3667,34,34
3668,7,7
3669,1,1
3670,14,14
3671,16,16
3672,3,3
3673,26,26
3674,0,0
3675,25,25
3676,15,15
3677,18,18
3678,14,14
3679,30,30
3680,1,1
3681,3,3
3682,32,32
3683,16,16
3684,22,22
3685,28,28
3686,0,0
3687,13,13
3688,0,0
3689,23,23
3690,33,33
3691,27,27
3692,1,1
3693,14,14
3694,0,0
3695,13,13
3696,21,21
3697,19,19
3698,3,3
3699,17,17
3700,20,20
3701,20,20
3702,24,24
3703,12,12
3704,31,31
3705,1,1
3706,14,14
3707,6,6
3708,27,27
3709,8,8
3710,27,27
3711,21,21
3712,13,13
3713,25,25
3714,5,5
3715,24,24
3716,16,16
3717,17,17
3718,33,33
3719,1,1
3720,6,6
3721,23,23
3722,27,27
3723,30,30
3724,8,8
3725,5,5
3726,30,30
3727,22,22
3728,34,34
3729,9,9
3730,23,23
3731,15,15
3732,19,19
3733,24,24
3734,15,15
3735,2,2
3736,14,14
3737,11,11
3738,25,25
3739,31,31
3740,4,4
3741,4,4
3742,18,18
3743,7,7
3744,5,5
3745,19,19
3746,32,32
3747,23,23
3748,18,18
3749,27,27
3750,31,31
3751,30,30
3752,4,4
3753,25,25
3754,32,32
3755,13,13
3756,23,23
3757,24,24
3758,31,31
3759,1,1
3760,31,31
3761,0,0
3762,10,10
3763,25,25
3764,28,28
3765,1,1
3766,16,16
3767,8,8
3768,5,5
3769,16,16
3770,7,7
3771,30,30
3772,12,12
3773,11,11
3774,11,11
3775,26,26
3776,16,16
3777,26,26
3778,34,34
3779,24,24
3780,22,22
3781,18,18
3782,18,18
3783,33,33
3784,29,29
3785,24,24
3786,19,19
3787,27,27
3788,32,32
3789,31,31
3790,26,26
3791,25,25
3792,0,0
3793,8,8
3794,15,15
3795,29,29
3796,21,21
3797,33,33
3798,18,18
3799,2,2
3800,28,28
3801,0,0
3802,31,31
3803,10,10
3804,33,33
3805,18,18
3806,18,18
3807,21,21
3808,17,17
3809,29,29
3810,30,30
3811,26,26
3812,7,7
3813,22,22
3814,2,2
3815,9,9
3816,11,11
3817,9,9
3818,29,29
3819,11,11
3820,17,17
3821,23,23
3822,31,31
3823,29,29
3824,7,7
3825,28,28
3826,2,2
3827,30,30
3828,21,21
3829,27,27
3830,21,21
3831,22,22
3832,28,28
3833,9,9
3834,8,8
3835,22,22
3836,9,9
3837,24,24
3838,21,21
3839,0,0
3840,30,30
3841,17,17
3842,3,3
3843,33,33
3844,3,3
3845,10,10
3846,5,5
3847,29,29
3848,28,28
3849,29,29
3850,17,17
3851,24,24
3852,0,0
3853,27,27
3854,3,3
3855,11,11
3856,25,25
3857,3,3
3858,31,31
3859,25,25
3860,4,4
3861,2,2
3862,17,17
3863,21,21
3864,0,0
3865,5,5
3866,32,32
3867,34,34
3868,7,7
3869,30,30
3870,9,9
3871,34,34
3872,23,23
3873,5,5
3874,22,22
3875,27,27
3876,10,10
3877,8,8
3878,30,30
3879,21,21
3880,31,31
3881,11,11
3882,27,27
3883,10,10
3884,7,7
3885,14,14
3886,13,13
3887,15,15
3888,7,7
3889,17,17
3890,9,9
3891,4,4
3892,33,33
3893,17,17
3894,22,22
3895,0,0
3896,23,23
3897,1,1
3898,12,12
3899,5,5
3900,33,33
3901,34,34
3902,21,21
3903,22,22
3904,24,24
3905,10,10
3906,31,31
3907,34,34
3908,29,29
3909,13,13
3910,20,20
3911,3,3
3912,33,33
3913,2,2
3914,11,11
3915,10,10
3916,33,33
3917,30,30
3918,0,0
3919,0,0
3920,1,1
3921,14,14
3922,31,31
3923,7,7
3924,7,7
3925,6,6
3926,13,13
3927,32,32
3928,8,8
3929,6,6
3930,6,6
3931,21,21
3932,23,23
3933,29,29
3934,3,3
3935,7,7
3936,15,15
3937,12,12
3938,17,17
3939,13,13
3940,28,28
3941,25,25
3942,9,9
3943,10,10
3944,26,26
3945,14,14
3946,23,23
3947,29,29
3948,3,3
3949,1,1
3950,9,9
3951,26,26
3952,28,28
3953,22,22
3954,18,18
3955,4,4
3956,25,25
3957,34,34
3958,22,22
3959,7,7
3960,4,4
3961,30,30
3962,4,4
3963,19,19
3964,2,2
3965,9,9
3966,23,23
3967,25,25
3968,3,3
3969,1,1
3970,13,13
3971,29,29
3972,34,34
3973,10,10
3974,23,23
3975,15,15
3976,17,17
3977,8,8
3978,22,22
3979,6,6
3980,32,32
3981,17,17
3982,32,32
3983,31,31
3984,8,8
3985,22,22
3986,23,23
3987,3,3
3988,9,9
3989,5,5
3990,16,16
3991,17,17
3992,22,22
3993,23,23
3994,0,0
3995,1,1
3996,0,0
3997,26,26
3998,30,30
3999,23,23
4000,6,6
4001,16,16
4002,22,22
4003,4,4
4004,4,4
4005,9,9
4006,6,6
4007,20,20
4008,25,25
4009,7,7
4010,13,13
4011,30,30
4012,21,21
4013,14,14
4014,27,27
4015,6,6
4016,7,7
4017,10,10
4018,20,20
4019,29,29
4020,21,21
4021,26,26
4022,12,12
4023,28,28
4024,6,6
4025,27,27
4026,32,32
4027,20,20
4028,12,12
4029,25,25
4030,30,30
4031,28,28
4032,27,27
4033,27,27
4034,24,24
4035,32,32
4036,18,18
4037,7,7
4038,23,23
4039,30,30
4040,24,24
4041,11,11
4042,8,8
4043,22,22
4044,1,1
4045,34,34
4046,26,26
4047,14,14
4048,31,31
4049,1,1
4050,11,11
4051,33,33
4052,5,5
4053,7,7
4054,34,34
4055,15,15
4056,34,34
4057,4,4
4058,23,23
4059,32,32
4060,9,9
4061,12,12
4062,19,19
4063,0,0
4064,27,27
4065,23,23
4066,29,29
4067,20,20
4068,33,33
4069,2,2
4070,24,24
4071,20,20
4072,34,34
4073,34,34
4074,33,33
4075,9,9
4076,0,0
4077,20,20
4078,14,14
4079,24,24
4080,4,4
4081,21,21
4082,25,25
4083,24,24
4084,12,12
4085,4,4
4086,22,22
4087,25,25
4088,0,0
4089,24,24
4090,2,2
4091,28,28
4092,10,10
4093,30,30
4094,24,24
4095,28,28
4096,14,14
4097,30,30
4098,16,16
4099,32,32
4100,3,3
4101,10,10
4102,33,33
4103,20,20
4104,30,30
4105,33,33
4106,25,25
4107,9,9
4108,18,18
4109,14,14
4110,13,13
4111,19,19
4112,7,7
4113,23,23
4114,28,28
4115,26,26
4116,18,18
4117,23,23
4118,2,2
4119,4,4
4120,8,8
4121,13,13
4122,2,2
4123,16,16
4124,20,20
4125,27,27
4126,10,10
4127,30,30
4128,29,29
4129,17,17
4130,8,8
4131,32,32
4132,24,24
4133,19,19
4134,1,1
4135,10,10
4136,12,12
4137,11,11
4138,9,9
4139,32,32
4140,18,18
4141,27,27
4142,20,20
4143,2,2
4144,21,21
4145,22,22
4146,31,31
4147,18,18
4148,14,14
4149,4,4
4150,20,20
4151,21,21
4152,7,7
4153,10,10
4154,27,27
4155,14,14
4156,29,29
4157,33,33
4158,4,4
4159,28,28
4160,13,13
4161,16,16
4162,4,4
4163,0,0
4164,33,33
4165,13,13
4166,15,15
4167,27,27
4168,16,16
4169,23,23
4170,34,34
4171,14,14
4172,17,17
4173,30,30
4174,8,8
4175,10,10
4176,18,18
4177,3,3
4178,32,32
4179,4,4
4180,34,34
4181,27,27
4182,5,5
4183,14,14
4184,8,8
4185,13,13
4186,4,4
4187,31,31
4188,4,4
4189,18,18
4190,29,29
4191,21,21
4192,1,1
4193,25,25
4194,7,7
4195,18,18
4196,27,27
4197,9,9
4198,3,3
4199,12,12
4200,1,1
4201,2,2
4202,24,24
4203,17,17
4204,20,20
4205,12,12
4206,31,31
4207,26,26
4208,26,26
4209,29,29
4210,11,11
4211,28,28
4212,4,4
4213,23,23
4214,7,7
4215,30,30
4216,25,25
4217,25,25
4218,13,13
4219,32,32
4220,23,23
4221,33,33
4222,13,13
4223,8,8
4224,17,17
4225,21,21
4226,33,33
4227,1,1
4228,22,22
4229,31,31
4230,11,11
4231,34,34
4232,19,19
4233,30,30
4234,4,4
4235,26,26
4236,6,6
4237,4,4
4238,33,33
4239,8,8
4240,19,19
4241,7,7
4242,0,0
4243,4,4
4244,12,12
4245,25,25
4246,33,33
4247,12,12
4248,3,3
4249,23,23
4250,17,17
4251,30,30
4252,5,5
4253,23,23
4254,26,26
4255,14,14
4256,15,15
4257,31,31
4258,6,6
4259,1,1
4260,14,14
4261,20,20
4262,22,22
4263,4,4
4264,10,10
4265,23,23
4266,2,2
4267,14,14
4268,14,14
4269,22,22
4270,0,0
4271,33,33
4272,0,0
4273,30,30
4274,28,28
4275,3,3
4276,26,26
4277,30,30
4278,32,32
4279,7,7
4280,23,23
4281,20,20
4282,26,26
4283,12,12
4284,29,29
4285,5,5
4286,29,29
4287,15,15
4288,20,20
4289,3,3
4290,34,34
4291,22,22
4292,12,12
4293,29,29
4294,21,21
4295,13,13
4296,22,22
4297,30,30
4298,17,17
4299,2,2
4300,11,11
4301,20,20
4302,16,16
4303,8,8
4304,5,5
4305,14,14
4306,23,23
4307,28,28
4308,28,28
4309,12,12
4310,3,3
4311,1,1
4312,15,15
4313,11,11
4314,19,19
4315,16,16
4316,20,20
4317,2,2
4318,12,12
4319,13,13
4320,13,13
4321,5,5
4322,7,7
4323,31,31
4324,13,13
4325,6,6
4326,10,10
4327,6,6
4328,23,23
4329,20,20
4330,9,9
4331,31,31
4332,21,21
4333,19,19
4334,22,22
4335,5,5
4336,32,32
4337,30,30
4338,10,10
4339,34,34
4340,9,9
4341,21,21
4342,5,5
4343,9,9
4344,18,18
4345,1,1
4346,11,11
4347,12,12
4348,14,14
4349,13,13
4350,27,27
4351,23,23
4352,30,30
4353,9,9
4354,6,6
4355,19,19
4356,2,2
4357,24,24
4358,23,23
4359,4,4
4360,21,21
4361,30,30
4362,7,7
4363,15,15
4364,34,34
4365,15,15
4366,8,8
4367,10,10
4368,3,3
4369,7,7
4370,27,27
4371,20,20
4372,9,9
4373,21,21
4374,27,27
4375,6,6
4376,4,4
4377,22,22
4378,34,34
4379,15,15
4380,30,30
4381,10,10
4382,11,11
4383,20,20
4384,27,27
4385,31,31
4386,21,21
4387,34,34
4388,26,26
4389,25,25
4390,27,27
4391,29,29
4392,29,29
4393,8,8
4394,18,18
4395,5,5
4396,11,11
4397,30,30
4398,33,33
4399,14,14
4400,7,7
4401,23,23
4402,11,11
4403,23,23
4404,7,7
4405,0,0
4406,18,18
4407,30,30
4408,21,21
4409,9,9
4410,23,23
4411,15,15
4412,25,25
4413,28,28
4414,27,27
4415,16,16
4416,1,1
4417,3,3
4418,32,32
4419,0,0
4420,20,20
4421,2,2
4422,7,7
4423,3,3
4424,1,1
4425,15,15
4426,28,28
4427,18,18
4428,9,9
4429,19,19
4430,16,16
4431,25,25
4432,14,14
4433,16,16
4434,11,11
4435,14,14
4436,8,8
4437,21,21
4438,0,0
4439,10,10
4440,11,11
4441,30,30
4442,4,4
4443,9,9
4444,25,25
4445,25,25
4446,0,0
4447,29,29
4448,10,10
4449,28,28
4450,21,21
4451,16,16
4452,27,27
4453,1,1
4454,7,7
4455,29,29
4456,6,6
4457,12,12
4458,21,21
4459,12,12
4460,4,4
4461,34,34
4462,29,29
4463,20,20
4464,10,10
4465,7,7
4466,13,13
4467,22,22
4468,14,14
4469,1,1
4470,16,16
4471,0,0
4472,13,13
4473,19,19
4474,13,13
4475,27,27
4476,4,4
4477,19,19
4478,21,21
4479,9,9
4480,32,32
4481,2,2
4482,32,32
4483,3,3
4484,6,6
4485,9,9
4486,28,28
4487,4,4
4488,30,30
4489,4,4
4490,8,8
4491,19,19
4492,16,16
4493,24,24
4494,25,25
4495,23,23
4496,10,10
4497,11,11
4498,10,10
4499,4,4
4500,5,5
4501,22,22
4502,12,12
4503,17,17
4504,33,33
4505,15,15
4506,19,19
4507,25,25
4508,22,22
4509,20,20
4510,20,20
4511,24,24
4512,13,13
4513,26,26
4514,32,32
4515,10,10
4516,11,11
4517,18,18
4518,11,11
4519,14,14
4520,34,34
4521,14,14
4522,3,3
4523,1,1
4524,21,21
4525,32,32
4526,11,11
4527,24,24
4528,27,27
4529,7,7
4530,30,30
4531,16,16
4532,22,22
4533,12,12
4534,30,30
4535,23,23
4536,8,8
4537,28,28
4538,3,3
4539,28,28
4540,2,2
4541,11,11
4542,24,24
4543,27,27
4544,34,34
4545,28,28
4546,13,13
4547,15,15
4548,8,8
4549,0,0
4550,30,30
4551,8,8
4552,9,9
4553,16,16
4554,31,31
4555,26,26
4556,12,12
4557,15,15
4558,8,8
4559,12,12
4560,26,26
4561,25,25
4562,33,33
4563,7,7
4564,4,4
4565,12,12
4566,9,9
4567,15,15
4568,15,15
4569,8,8
4570,17,17
4571,17,17
4572,1,1
4573,23,23
4574,14,14
4575,25,25
4576,2,2
4577,18,18
4578,2,2
4579,9,9
4580,8,8
4581,8,8
4582,10,10
4583,8,8
4584,31,31
4585,27,27
4586,34,34
4587,12,12
4588,22,22
4589,0,0
4590,18,18
4591,19,19
4592,34,34
4593,33,33
4594,4,4
4595,29,29
4596,15,15
4597,24,24
4598,29,29
4599,9,9
4600,19,19
4601,17,17
4602,0,0
4603,1,1
4604,29,29
4605,10,10
4606,31,31
4607,16,16
4608,29,29
4609,6,6
4610,31,31
4611,22,22
4612,13,13
4613,7,7
4614,26,26
4615,1,1
4616,14,14
4617,17,17
4618,17,17
4619,9,9
4620,3,3
4621,1,1
4622,29,29
4623,25,25
4624,31,31
4625,18,18
4626,25,25
4627,0,0
4628,23,23
4629,7,7
4630,4,4
4631,31,31
4632,7,7
4633,31,31
4634,18,18
4635,6,6
4636,32,32
4637,33,33
4638,26,26
4639,29,29
4640,31,31
4641,32,32
4642,7,7
4643,30,30
4644,6,6
4645,29,29
4646,23,23
4647,24,24
4648,19,19
4649,26,26
4650,24,24
4651,3,3
4652,3,3
4653,13,13
4654,5,5
4655,2,2
4656,23,23
4657,13,13
4658,33,33
4659,20,20
4660,24,24
4661,11,11
4662,19,19
4663,4,4
4664,15,15
4665,17,17
4666,29,29
4667,8,8
4668,18,18
4669,19,19
4670,17,17
4671,5,5
4672,26,26
4673,16,16
4674,16,16
4675,19,19
4676,14,14
4677,6,6
4678,1,1
4679,15,15
4680,17,17
4681,16,16
4682,22,22
4683,17,17
4684,30,30
4685,20,20
4686,29,29
4687,31,31
4688,11,11
4689,1,1
4690,9,9
4691,24,24
4692,5,5
4693,11,11
4694,22,22
4695,12,12
4696,23,23
4697,0,0
4698,17,17
4699,33,33
4700,15,15
4701,19,19
4702,11,11
4703,6,6
4704,4,4
4705,33,33
4706,34,34
4707,25,25
4708,32,32
4709,0,0
4710,18,18
4711,0,0
4712,34,34
4713,32,32
4714,25,25
4715,24,24
4716,32,32
4717,11,11
4718,18,18
4719,20,20
4720,24,24
4721,19,19
4722,4,4
4723,6,6
4724,25,25
4725,1,1
4726,3,3
4727,33,33
4728,9,9
4729,8,8
4730,28,28
4731,25,25
4732,11,11
4733,32,32
4734,14,14
4735,25,25
4736,4,4
4737,8,8
4738,33,33
4739,14,14
4740,18,18
4741,24,24
4742,0,0
4743,2,2
4744,0,0
4745,2,2
4746,30,30
4747,2,2
4748,19,19
4749,8,8
4750,29,29
4751,13,13
4752,12,12
4753,8,8
4754,25,25
4755,8,8
4756,2,2
4757,29,29
4758,33,33
4759,12,12
4760,10,10
4761,6,6
4762,22,22
4763,12,12
4764,31,31
4765,23,23
4766,22,22
4767,27,27
4768,13,13
4769,8,8
4770,28,28
4771,8,8
4772,1,1
4773,15,15
4774,25,25
4775,13,13
4776,0,0
4777,23,23
4778,23,23
4779,32,32
4780,11,11
4781,15,15
4782,4,4
4783,7,7
4784,18,18
4785,8,8
4786,16,16
4787,7,7
4788,19,19
4789,13,13
4790,7,7
4791,26,26
4792,12,12
4793,11,11
4794,3,3
4795,32,32
4796,16,16
4797,9,9
4798,17,17
4799,16,16
4800,14,14
4801,29,29
4802,9,9
4803,3,3
4804,6,6
4805,1,1
4806,4,4
4807,34,34
4808,5,5
4809,16,16
4810,32,32
4811,19,19
4812,8,8
4813,6,6
4814,2,2
4815,14,14
4816,27,27
4817,28,28
4818,19,19
4819,18,18
4820,25,25
4821,5,5
4822,29,29
4823,14,14
4824,13,13
4825,19,19
4826,7,7
4827,9,9
4828,30,30
4829,23,23
4830,22,22
4831,0,0
4832,2,2
4833,15,15
4834,20,20
4835,0,0
4836,22,22
4837,15,15
4838,19,19
4839,15,15
4840,27,27
4841,11,11
4842,1,1
4843,12,12
4844,31,31
4845,9,9
4846,29,29
4847,7,7
4848,30,30
4849,34,34
4850,22,22
4851,30,30
4852,19,19
4853,10,10
4854,1,1
4855,6,6
4856,24,24
4857,0,0
4858,27,27
4859,0,0
4860,8,8
4861,18,18
4862,18,18
4863,10,10
4864,25,25
4865,9,9
4866,22,22
4867,14,14
4868,4,4
4869,2,2
4870,27,27
4871,8,8
4872,23,23
4873,12,12
4874,4,4
4875,33,33
4876,8,8
4877,27,27
4878,23,23
4879,30,30
4880,24,24
4881,7,7
4882,5,5
4883,28,28
4884,8,8
4885,32,32
4886,15,15
4887,32,32
4888,25,25
4889,28,28
4890,20,20
4891,15,15
4892,29,29
4893,3,3
4894,9,9
4895,23,23
4896,3,3
4897,14,14
4898,29,29
4899,25,25
4900,2,2
4901,5,5
4902,30,30
4903,20,20
4904,3,3
4905,15,15
4906,1,1
4907,17,17
4908,15,15
4909,3,3
4910,9,9
4911,34,34
4912,2,2
4913,1,1
4914,17,17
4915,31,31
4916,7,7
4917,25,25
4918,4,4
4919,21,21
4920,32,32
4921,8,8
4922,4,4
4923,18,18
4924,10,10
4925,8,8
4926,11,11
4927,7,7
4928,3,3
4929,2,2
4930,22,22
4931,14,14
4932,15,15
4933,33,33
4934,16,16
4935,33,33
4936,27,27
4937,4,4
4938,0,0
4939,12,12
4940,25,25
4941,14,14
4942,16,16
4943,5,5
4944,24,24
4945,6,6
4946,6,6
4947,32,32
4948,27,27
4949,2,2
4950,33,33
4951,12,12
4952,27,27
4953,3,3
4954,22,22
4955,14,14
4956,31,31
4957,2,2
4958,8,8
4959,16,16
4960,19,19
4961,32,32
4962,5,5
4963,26,26
4964,14,14
4965,13,13
4966,19,19
4967,26,26
4968,11,11
4969,0,0
4970,17,17
4971,14,14
4972,6,6
4973,10,10
4974,25,25
4975,31,31
4976,21,21
4977,34,34
4978,20,20
4979,9,9
4980,2,2
4981,32,32
4982,29,29
4983,29,29
4984,6,6
4985,2,2
4986,3,3
4987,31,31
4988,22,22
4989,20,20
4990,32,32
4991,13,13
4992,34,34
4993,26,26
4994,26,26
4995,14,14
4996,16,16
4997,7,7
4998,28,28
4999,31,31
5000,26,26
5001,23,23
5002,30,30
5003,34,34
5004,21,21
5005,28,28
5006,32,32
5007,28,28
5008,3,3
5009,7,7
5010,10,10
5011,33,33
5012,2,2
5013,19,19
5014,6,6
5015,19,19
5016,18,18
5017,4,4
5018,7,7
5019,7,7
5020,16,16
5021,11,11
5022,27,27
5023,17,17
5024,26,26
5025,26,26
5026,22,22
5027,0,0
5028,19,19
5029,25,25
5030,11,11
5031,20,20
5032,0,0
5033,16,16
5034,14,14
5035,6,6
5036,34,34
5037,5,5
5038,31,31
5039,34,34
5040,30,30
5041,9,9
5042,27,27
5043,0,0
5044,11,11
5045,18,18
5046,31,31
5047,17,17
5048,25,25
5049,12,12
5050,2,2
5051,33,33
5052,19,19
5053,20,20
5054,12,12
5055,20,20
5056,20,20
5057,34,34
5058,28,28
5059,17,17
5060,17,17
5061,10,10
5062,17,17
5063,21,21
5064,16,16
5065,29,29
5066,12,12
5067,28,28
5068,26,26
5069,16,16
5070,23,23
5071,25,25
5072,3,3
5073,18,18
5074,8,8
5075,24,24
5076,22,22
5077,18,18
5078,28,28
5079,30,30
5080,5,5
5081,8,8
5082,20,20
5083,9,9
5084,33,33
5085,9,9
5086,21,21
5087,25,25
5088,23,23
5089,10,10
5090,24,24
5091,12,12
5092,32,32
5093,4,4
5094,5,5
5095,18,18
5096,34,34
5097,14,14
5098,24,24
5099,11,11
5100,23,23
5101,2,2
5102,13,13
5103,6,6
5104,27,27
5105,20,20
5106,27,27
5107,22,22
5108,19,19
5109,25,25
5110,17,17
5111,11,11
5112,25,25
5113,24,24
5114,6,6
5115,22,22
5116,23,23
5117,0,0
5118,33,33
5119,8,8
5120,2,2
5121,12,12
5122,31,31
5123,24,24
5124,19,19
5125,6,6
5126,33,33
5127,28,28
5128,6,6
5129,8,8
5130,30,30
5131,14,14
5132,18,18
5133,24,24
5134,34,34
5135,10,10
5136,33,33
5137,30,30
5138,31,31
5139,16,16
5140,23,23
5141,32,32
5142,24,24
5143,19,19
5144,14,14
5145,25,25
5146,31,31
5147,11,11
5148,34,34
5149,14,14
5150,11,11
5151,8,8
5152,18,18
5153,14,14
5154,30,30
5155,3,3
5156,18,18
5157,28,28
5158,21,21
5159,6,6
5160,15,15
5161,26,26
5162,15,15
5163,5,5
5164,26,26
5165,3,3
5166,26,26
5167,10,10
5168,24,24
5169,9,9
5170,23,23
5171,28,28
5172,33,33
5173,16,16
5174,19,19
5175,25,25
5176,2,2
5177,4,4
5178,15,15
5179,22,22
5180,14,14
5181,20,20
5182,23,23
5183,27,27
5184,6,6
5185,34,34
5186,16,16
5187,31,31
5188,13,13
5189,22,22
5190,21,21
5191,15,15
5192,27,27
5193,5,5
5194,12,12
5195,2,2
5196,16,16
5197,12,12
5198,26,26
5199,3,3
5200,26,26
5201,28,28
5202,30,30
5203,11,11
5204,31,21
5205,0,0
5206,8,8
5207,27,27
5208,16,16
5209,31,31
5210,15,15
5211,25,25
5212,0,0
5213,5,5
5214,24,24
5215,8,8
5216,19,19
5217,15,15
5218,17,17
5219,0,0
5220,0,0
5221,31,31
5222,2,2
5223,8,8
5224,0,0
5225,8,8
5226,3,3
5227,22,22
5228,30,30
5229,16,16
5230,23,23
5231,33,33
5232,27,27
5233,15,15
5234,24,24
5235,0,0
5236,32,32
5237,13,13
5238,19,19
5239,15,15
5240,6,6
5241,4,4
5242,9,9
5243,9,9
5244,26,26
5245,18,18
5246,34,34
5247,9,9
5248,30,30
5249,23,23
5250,20,20
5251,31,31
5252,10,10
5253,32,32
5254,34,34
5255,5,5
5256,22,22
5257,3,3
5258,10,10
5259,12,12
5260,0,0
5261,33,33
5262,5,5
5263,2,2
5264,11,11
5265,15,15
5266,22,22
5267,18,18
5268,12,12
5269,33,33
5270,29,29
5271,27,27
5272,33,33
5273,5,5
5274,26,26
5275,19,19
5276,14,14
5277,1,1
5278,5,5
5279,16,16
5280,18,18
5281,22,22
5282,23,23
5283,26,26
5284,5,5
5285,11,11
5286,25,25
5287,11,11
5288,13,13
5289,1,1
5290,2,2
5291,34,34
5292,4,4
5293,3,3
5294,18,18
5295,20,20
5296,32,32
5297,9,9
5298,15,15
5299,28,28
5300,3,3
5301,18,18
5302,24,24
5303,10,10
5304,13,13
5305,20,20
5306,33,33
5307,15,15
5308,16,16
5309,15,15
5310,25,25
5311,29,29
5312,1,1
5313,12,12
5314,26,26
5315,14,14
5316,16,16
5317,24,24
5318,32,32
5319,14,14
5320,31,31
5321,9,9
5322,14,14
5323,16,16
5324,24,24
5325,20,20
5326,20,20
5327,1,1
5328,30,30
5329,33,33
5330,25,25
5331,20,20
5332,33,33
5333,16,16
5334,10,10
5335,16,16
5336,0,0
5337,7,7
5338,22,22
5339,24,24
5340,15,15
5341,5,5
5342,13,13
5343,6,6
5344,13,13
5345,0,0
5346,15,15
5347,32,32
5348,13,13
5349,20,20
5350,4,4
5351,24,24
5352,5,5
5353,33,33
5354,20,20
5355,4,4
5356,21,21
5357,23,23
5358,28,28
5359,12,12
5360,29,29
5361,17,17
5362,15,15
5363,20,20
5364,22,22
5365,2,2
5366,1,1
5367,33,33
5368,18,18
5369,12,12
5370,19,19
5371,16,16
5372,27,27
5373,20,20
5374,10,10
5375,5,5
5376,13,13
5377,10,10
5378,9,9
5379,12,12
5380,30,30
5381,30,30
5382,27,27
5383,17,17
5384,31,31
5385,5,5
5386,17,17
5387,1,1
5388,24,24
5389,34,34
5390,21,21
5391,25,25
5392,9,9
5393,21,21
5394,4,4
5395,13,13
5396,29,29
5397,6,6
5398,4,4
5399,1,1
5400,14,14
5401,30,30
5402,1,1
5403,11,11
5404,14,14
5405,7,7
5406,31,31
5407,27,27
5408,17,17
5409,22,22
5410,29,29
5411,11,11
5412,22,22
5413,5,5
5414,4,4
5415,27,27
5416,7,7
5417,26,26
5418,30,30
5419,28,28
5420,23,23
5421,14,14
5422,2,2
5423,8,8
5424,34,34
5425,33,33
5426,27,27
5427,29,29
5428,18,18
5429,3,3
5430,9,9
5431,21,21
5432,33,33
5433,22,22
5434,5,5
5435,18,18
5436,13,13
5437,33,33
5438,7,7
5439,23,23
5440,13,13
5441,12,12
5442,27,27
5443,22,22
5444,33,33
5445,30,30
5446,34,34
5447,21,21
5448,15,15
5449,8,8
5450,16,16
5451,3,3
5452,24,24
5453,15,15
5454,18,18
5455,1,1
5456,29,29
5457,20,20
5458,29,29
5459,23,23
5460,7,7
5461,31,31
5462,33,33
5463,7,7
5464,34,34
5465,10,10
5466,18,18
5467,1,1
5468,2,2
5469,24,24
5470,11,11
5471,32,32
5472,24,24
5473,3,3
5474,20,20
5475,34,34
5476,19,19
5477,4,4
5478,28,28
5479,27,27
5480,21,21
5481,8,8
5482,17,17
5483,21,21
5484,6,6
5485,25,25
5486,19,19
5487,18,18
5488,26,26
5489,28,28
5490,5,5
5491,25,25
5492,16,16
5493,30,30
5494,2,2
5495,8,8
5496,32,32
5497,31,31
5498,12,12
5499,10,10
5500,1,1
5501,15,15
5502,16,16
5503,0,0
5504,3,3
5505,26,26
5506,1,1
5507,15,15
5508,7,7
5509,11,11
5510,2,2
5511,11,11
5512,19,19
5513,14,14
5514,6,6
5515,22,22
5516,17,17
5517,22,22
5518,1,1
5519,2,2
5520,8,8
5521,26,26
5522,1,1
5523,8,8
5524,6,6
5525,24,24
5526,24,24
5527,7,7
5528,23,23
5529,33,33
5530,14,14
5531,26,26
5532,17,17
5533,17,17
5534,26,26
5535,14,14
5536,26,26
5537,22,22
5538,16,16
5539,25,25
5540,23,23
5541,28,28
5542,1,1
5543,29,29
5544,3,3
5545,18,18
5546,15,15
5547,10,10
5548,17,17
5549,16,16
5550,7,7
5551,3,3
5552,32,32
5553,15,15
5554,2,2
5555,20,20
5556,22,22
5557,9,9
5558,5,5
5559,32,32
5560,13,13
5561,4,4
5562,33,33
5563,30,30
5564,2,2
5565,22,22
5566,13,13
5567,25,25
5568,29,29
5569,19,19
5570,30,30
5571,32,32
5572,5,5
5573,20,20
5574,31,31
5575,34,34
5576,2,2
5577,31,31
5578,21,21
5579,34,34
5580,25,25
5581,13,13
5582,0,0
5583,18,18
5584,20,20
5585,0,0
5586,12,12
5587,1,1
5588,4,4
5589,15,15
5590,13,13
5591,23,23
5592,26,26
5593,30,30
5594,0,0
5595,7,7
5596,33,33
5597,16,16
5598,9,9
5599,24,24
5600,2,2
5601,1,1
5602,31,31
5603,0,0
5604,27,27
5605,24,24
5606,21,21
5607,14,14
5608,20,20
5609,31,31
5610,31,31
5611,18,18
5612,0,0
5613,1,1
5614,24,24
5615,33,33
5616,7,7
5617,25,25
5618,16,16
5619,31,31
5620,5,5
5621,19,19
5622,20,20
5623,24,24
5624,23,23
5625,31,31
5626,27,27
5627,5,5
5628,9,9
5629,10,10
5630,4,4
5631,17,17
5632,10,10
5633,28,28
5634,14,14
5635,6,6
5636,10,10
5637,20,20
5638,27,27
5639,12,12
5640,17,17
5641,15,15
5642,6,6
5643,1,1
5644,17,17
5645,4,4
5646,25,25
5647,21,21
5648,0,0
5649,20,20
5650,19,19
5651,24,24
5652,25,25
5653,0,0
5654,8,8
5655,30,30
5656,0,0
5657,11,11
5658,11,11
5659,29,29
5660,26,26
5661,10,10
5662,30,30
5663,29,29
5664,5,5
5665,2,2
5666,7,7
5667,29,29
5668,25,25
5669,27,27
5670,8,8
5671,12,12
5672,34,34
5673,4,4
5674,4,4
5675,23,23
5676,20,20
5677,16,16
5678,12,12
5679,5,5
5680,4,4
5681,5,5
5682,2,2
5683,6,6
5684,4,4
5685,25,25
5686,10,10
5687,21,21
5688,1,1
5689,2,2
5690,30,30
5691,1,1
5692,23,23
5693,23,23
5694,32,32
5695,23,23
5696,18,18
5697,27,27
5698,2,2
5699,1,1
5700,8,8
5701,28,28
5702,5,5
5703,17,17
5704,26,26
5705,11,11
5706,17,17
5707,17,17
5708,14,14
5709,18,18
5710,10,10
5711,16,16
5712,32,32
5713,17,17
5714,33,33
5715,33,33
5716,1,1
5717,7,7
5718,17,17
5719,5,5
5720,15,15
5721,31,31
5722,16,16
5723,24,24
5724,4,4
5725,10,10
5726,32,32
5727,19,19
5728,12,12
5729,11,11
5730,9,9
5731,26,26
5732,7,7
5733,17,17
5734,17,17
5735,12,12
5736,18,18
5737,12,12
5738,20,20
5739,4,4
5740,19,19
5741,32,32
5742,6,6
5743,1,1
5744,1,1
5745,23,23
5746,7,7
5747,27,27
5748,9,9
5749,34,34
5750,8,8
5751,26,26
5752,7,7
5753,7,7
5754,17,17
5755,8,8
5756,25,25
5757,8,8
5758,16,16
5759,26,26
5760,25,25
5761,6,6
5762,0,0
5763,18,18
5764,17,17
5765,17,17
5766,33,33
5767,21,21
5768,30,30
5769,33,33
5770,16,16
5771,27,27
5772,8,8
5773,21,21
5774,14,14
5775,0,0
5776,17,17
5777,27,27
5778,28,28
5779,33,33
5780,20,20
5781,22,22
5782,18,18
5783,33,33
5784,18,18
5785,0,0
5786,28,28
5787,12,12
5788,19,19
5789,8,8
5790,7,7
5791,3,3
5792,24,24
5793,14,14
5794,33,33
5795,22,22
5796,8,8
5797,32,32
5798,18,18
5799,16,16
5800,24,24
5801,10,10
5802,17,17
5803,3,3
5804,0,0
5805,0,0
5806,27,27
5807,30,30
5808,8,8
5809,0,0
5810,18,18
5811,18,18
5812,33,33
5813,11,11
5814,16,16
5815,12,12
5816,11,11
5817,1,1
5818,22,22
5819,5,5
5820,0,0
5821,29,29
5822,29,29
5823,23,23
5824,11,11
5825,21,21
5826,23,23
5827,10,10
5828,31,31
5829,4,4
5830,2,2
5831,13,13
5832,24,24
5833,9,9
5834,13,13
5835,30,30
5836,21,21
5837,3,3
5838,6,6
5839,24,24
5840,18,18
5841,29,29
5842,7,7
5843,19,19
5844,5,5
5845,21,21
5846,20,20
5847,16,16
5848,13,13
5849,30,30
5850,11,11
5851,8,8
5852,16,16
5853,8,8
5854,22,22
5855,21,21
5856,28,28
5857,14,14
5858,17,17
5859,29,29
5860,12,12
5861,12,12
5862,5,5
5863,5,5
5864,24,24
5865,25,25
5866,30,30
5867,20,20
5868,24,24
5869,30,30
5870,1,1
5871,22,22
5872,14,14
5873,18,18
5874,8,8
5875,2,2
5876,20,20
5877,4,4
5878,15,15
5879,11,11
5880,5,5
5881,8,8
5882,26,26
5883,3,3
5884,6,6
5885,9,9
5886,7,7
5887,3,3
5888,5,5
5889,22,22
5890,8,8
5891,1,1
5892,5,5
5893,10,10
5894,5,5
5895,2,2
5896,17,17
5897,26,26
5898,28,28
5899,9,9
5900,31,31
5901,8,8
5902,23,23
5903,8,8
5904,6,6
5905,34,34
5906,0,0
5907,26,26
5908,24,24
5909,11,11
5910,21,21
5911,34,34
5912,23,23
5913,26,26
5914,14,14
5915,9,9
5916,7,7
5917,21,21
5918,10,10
5919,21,21
5920,1,1
5921,20,20
5922,1,1
5923,23,23
5924,32,32
5925,18,18
5926,33,33
5927,17,17
5928,22,22
5929,23,23
5930,18,18
5931,20,20
5932,16,16
5933,32,32
5934,26,26
5935,0,0
5936,6,6
5937,32,32
5938,7,7
5939,8,8
5940,6,6
5941,26,26
5942,19,19
5943,3,3
5944,0,0
5945,9,9
5946,19,19
5947,16,16
5948,2,2
5949,32,32
5950,20,20
5951,34,34
5952,24,24
5953,5,5
5954,26,26
5955,5,20
5956,25,25
5957,18,18
5958,25,25
5959,5,5
5960,9,9
5961,9,9
5962,16,16
5963,10,10
5964,2,2
5965,12,12
5966,20,20
5967,19,19
5968,13,13
5969,30,30
5970,12,12
5971,9,9
5972,9,9
5973,25,25
5974,28,28
5975,16,16
5976,26,26
5977,13,13
5978,29,29
5979,18,18
5980,13,13
5981,14,14
5982,12,12
5983,17,17
5984,30,30
5985,13,13
5986,4,4
5987,16,16
5988,28,28
5989,13,13
5990,8,8
5991,28,28
5992,34,34
5993,21,21
5994,0,0
5995,29,29
5996,29,29
5997,2,2
5998,31,31
5999,20,20
6000,18,18
6001,3,3
6002,11,11
6003,20,20
6004,24,24
6005,34,34
6006,12,12
6007,30,30
6008,29,29
6009,2,2
6010,24,24
6011,23,23
6012,2,2
6013,24,24
6014,11,11
6015,0,0
6016,1,1
6017,13,13
6018,33,33
6019,9,9
6020,20,20
6021,29,29
6022,29,29
6023,8,8
6024,28,28
6025,19,19
6026,4,4
6027,33,33
6028,27,27
6029,15,15
6030,6,6
6031,26,26
6032,22,22
6033,4,4
6034,4,4
6035,10,10
6036,28,28
6037,28,28
6038,0,0
6039,5,5
6040,10,10
6041,30,30
6042,30,30
6043,27,27
6044,14,14
6045,7,7
6046,0,0
6047,5,5
6048,31,31
6049,16,16
6050,0,0
6051,27,27
6052,29,29
6053,20,20
6054,11,11
6055,24,24
6056,6,6
6057,34,34
6058,12,12
6059,18,18
6060,8,8
6061,2,2
6062,10,10
6063,3,3
6064,26,26
6065,21,21
6066,11,11
6067,9,9
6068,4,4
6069,32,32
6070,10,10
6071,3,3
6072,21,21
6073,10,10
6074,29,29
6075,3,3
6076,24,24
6077,31,31
6078,26,26
6079,0,0
6080,3,3
6081,34,34
6082,31,31
6083,1,1
6084,24,24
6085,6,6
6086,7,7
6087,22,22
6088,3,3
6089,25,25
6090,15,15
6091,17,17
6092,29,29
6093,20,20
6094,11,11
6095,18,18
6096,27,27
6097,1,1
6098,32,32
6099,19,19
6100,1,1
6101,28,28
6102,14,14
6103,27,27
6104,26,26
6105,6,6
6106,32,32
6107,7,7
6108,30,30
6109,12,12
6110,4,4
6111,3,3
6112,18,18
6113,11,11
6114,2,2
6115,4,4
6116,10,10
6117,20,20
6118,30,30
6119,26,26
6120,12,12
6121,10,10
6122,21,21
6123,8,8
6124,8,8
6125,7,7
6126,20,20
6127,13,13
6128,10,10
6129,13,13
6130,31,31
6131,11,11
6132,12,12
6133,24,24
6134,32,32
6135,15,15
6136,24,24
6137,2,2
6138,3,3
6139,28,28
6140,34,34
6141,24,24
6142,31,31
6143,34,34
6144,32,32
6145,12,12
6146,3,3
6147,3,3
6148,23,23
6149,16,16
6150,2,2
6151,18,18
6152,2,2
6153,11,11
6154,21,21
6155,27,27
6156,27,27
6157,23,23
6158,25,25
6159,13,13
6160,29,29
6161,16,16
6162,32,32
6163,12,12
6164,8,8
6165,9,9
6166,16,16
6167,30,30
6168,12,12
6169,34,34
6170,2,2
6171,9,9
6172,12,12
6173,2,2
6174,11,11
6175,22,22
6176,6,6
6177,15,15
6178,15,15
6179,23,23
6180,6,6
6181,22,22
6182,20,20
6183,6,6
6184,1,1
6185,7,7
6186,33,33
6187,9,9
6188,27,27
6189,29,29
6190,26,26
6191,27,27
6192,33,33
6193,32,32
6194,29,29
6195,24,24
6196,4,4
6197,2,2
6198,0,0
6199,9,9
6200,5,5
6201,15,15
6202,8,8
6203,10,10
6204,12,12
6205,13,13
6206,34,34
6207,8,8
6208,33,33
6209,28,28
6210,19,19
6211,10,10
6212,33,33
6213,21,21
6214,25,25
6215,4,4
6216,3,3
6217,5,5
6218,27,27
6219,30,30
6220,29,29
6221,9,9
6222,6,6
6223,32,32
6224,16,16
6225,16,16
6226,22,22
6227,3,3
6228,5,5
6229,14,14
6230,1,1
6231,10,10
6232,16,16
6233,14,14
6234,21,21
6235,7,7
6236,27,27
6237,5,5
6238,18,18
6239,31,31
6240,12,12
6241,6,6
6242,20,20
6243,16,16
6244,11,11
6245,33,33
6246,5,5
6247,19,19
6248,18,18
6249,34,34
6250,0,0
6251,5,5
6252,26,26
6253,12,12
6254,21,21
6255,22,22
6256,6,6
6257,12,12
6258,9,9
6259,34,34
6260,2,2
6261,14,14
6262,32,32
6263,9,9
6264,29,29
6265,4,4
6266,16,16
6267,22,22
6268,20,20
6269,33,33
6270,13,13
6271,28,28
6272,27,27
6273,19,19
6274,1,1
6275,27,27
6276,33,33
6277,5,5
6278,22,22
6279,5,5
6280,30,30
6281,13,13
6282,5,5
6283,28,28
6284,14,14
6285,4,4
6286,20,20
6287,21,21
6288,27,27
6289,5,5
6290,26,26
6291,1,1
6292,24,24
6293,31,31
6294,32,32
6295,8,8
6296,13,13
6297,3,3
6298,17,17
6299,24,24
6300,18,18
6301,5,5
6302,23,23
6303,12,12
6304,6,6
6305,2,2
6306,17,17
6307,15,15
6308,27,27
6309,21,21
6310,26,26
6311,16,16
6312,26,26
6313,19,19
6314,2,2
6315,10,10
6316,11,11
6317,3,3
6318,33,33
6319,10,10
6320,21,21
6321,15,15
6322,34,34
6323,5,5
6324,1,1
6325,3,3
6326,25,25
6327,32,32
6328,14,14
6329,15,15
6330,5,5
6331,2,2
6332,17,17
6333,30,30
6334,0,0
6335,3,3
6336,11,11
6337,33,33
6338,3,3
6339,30,30
6340,8,8
6341,0,0
6342,20,20
6343,4,4
6344,0,0
6345,17,17
6346,11,11
6347,29,29
6348,14,14
6349,19,19
6350,18,18
6351,19,19
6352,33,33
6353,5,5
6354,9,9
6355,6,6
6356,2,2
6357,30,30
6358,32,32
6359,22,22
6360,6,6
6361,10,10
6362,18,18
6363,12,12
6364,11,11
6365,11,11
6366,31,31
6367,29,29
6368,17,17
6369,16,16
6370,28,28
6371,11,11
6372,12,12
6373,17,17
6374,21,21
6375,19,19
6376,13,13
6377,24,24
6378,13,13
6379,24,24
6380,5,5
6381,17,17
6382,12,12
6383,10,10
6384,27,27
6385,11,11
6386,27,27
6387,2,2
6388,19,19
6389,19,19
6390,1,1
6391,34,34
6392,24,24
6393,28,28
6394,5,5
6395,8,8
6396,22,22
6397,11,11
6398,26,26
6399,0,0
6400,22,22
6401,33,33
6402,0,0
6403,32,32
6404,15,15
6405,15,15
6406,20,20
6407,27,27
6408,15,15
6409,27,27
6410,7,7
6411,23,23
6412,14,14
6413,20,20
6414,10,10
6415,7,7
6416,23,23
6417,0,0
6418,8,8
6419,5,5
6420,23,23
6421,14,14
6422,33,33
6423,2,2
6424,4,4
6425,10,10
6426,30,30
6427,8,8
6428,20,20
6429,5,5
6430,32,32
6431,26,26
6432,4,4
6433,7,7
6434,29,29
6435,25,25
6436,19,19
6437,33,33
6438,31,31
6439,33,33
6440,23,23
6441,1,1
6442,26,26
6443,18,18
6444,27,27
6445,6,6
6446,8,8
6447,7,7
6448,32,32
6449,4,4
6450,27,27
6451,26,26
6452,30,30
6453,10,10
6454,4,4
6455,24,24
6456,21,21
6457,26,26
6458,9,9
6459,30,30
6460,27,27
6461,11,11
6462,21,21
6463,0,0
6464,2,2
6465,28,28
6466,23,23
6467,12,12
6468,1,1
6469,7,7
6470,21,21
6471,10,10
6472,1,1
6473,20,20
6474,31,31
6475,32,32
6476,30,30
6477,30,30
6478,23,23
6479,7,7
6480,30,30
6481,2,2
6482,30,30
6483,25,25
6484,20,20
6485,7,7
6486,18,18
6487,1,1
6488,15,15
6489,1,1
6490,13,13
6491,1,1
6492,1,1
6493,10,10
6494,26,26
6495,5,5
6496,4,4
6497,21,21
6498,28,28
6499,21,21
6500,16,16
6501,9,9
6502,15,15
6503,20,20
6504,10,10
6505,22,22
6506,26,26
6507,26,26
6508,1,1
6509,32,32
6510,24,24
6511,28,28
6512,32,32
6513,32,32
6514,24,24
6515,18,18
6516,34,34
6517,18,18
6518,31,31
6519,22,22
6520,7,7
6521,34,34
6522,31,31
6523,18,18
6524,17,17
6525,7,7
6526,6,6
6527,11,11
6528,8,8
6529,32,32
6530,19,19
6531,6,6
6532,25,25
6533,20,20
6534,19,19
6535,17,17
6536,11,11
6537,16,16
6538,6,6
6539,3,3
6540,13,13
6541,13,13
6542,3,3
6543,14,14
6544,7,7
6545,7,7
6546,8,8
6547,27,27
6548,0,0
6549,1,1
6550,6,6
6551,31,31
6552,18,18
6553,0,0
6554,21,21
6555,12,12
6556,31,31
6557,7,7
6558,15,15
6559,15,15
6560,19,19
6561,21,21
6562,23,23
6563,14,14
6564,24,24
6565,1,1
6566,7,7
6567,29,29
6568,26,26
6569,22,22
6570,7,7
6571,33,33
6572,3,3
6573,18,18
6574,0,0
6575,29,29
6576,3,3
6577,27,27
6578,28,28
6579,5,5
6580,1,1
6581,34,34
6582,21,21
6583,34,34
6584,24,24
6585,25,25
6586,34,34
6587,1,1
6588,33,33
6589,30,30
6590,6,6
6591,14,14
6592,6,6
6593,7,7
6594,32,32
6595,9,9
6596,10,10
6597,23,23
6598,13,13
6599,20,20
6600,32,32
6601,29,29
6602,6,6
6603,0,0
6604,32,32
6605,22,22
6606,5,5
6607,14,14
6608,20,20
6609,8,8
6610,23,23
6611,21,21
6612,30,30
6613,1,1
6614,11,11
6615,32,32
6616,19,19
6617,19,19
6618,15,15
6619,25,25
6620,29,29
6621,9,9
6622,34,34
6623,18,18
6624,19,19
6625,9,9
6626,13,13
6627,10,10
6628,24,24
6629,33,33
6630,25,25
6631,29,29
6632,19,19
6633,21,21
6634,32,32
6635,34,34
6636,10,10
6637,18,18
6638,10,10
6639,16,16
6640,29,29
6641,2,2
6642,6,6
6643,28,28
6644,31,31
6645,25,25
6646,7,7
6647,5,5
6648,24,24
6649,9,9
6650,33,33
6651,29,29
6652,13,13
6653,3,3
6654,9,9
6655,14,14
6656,26,26
6657,6,6
6658,6,6
6659,25,25
6660,3,3
6661,9,9
6662,33,33
6663,15,15
6664,7,7
6665,29,29
6666,22,22
6667,32,32
6668,19,19
6669,33,33
6670,8,8
6671,6,6
6672,26,26
6673,34,34
6674,29,29
6675,25,25
6676,2,2
6677,3,3
6678,32,32
6679,0,0
6680,6,6
6681,28,28
6682,12,12
6683,22,22
6684,29,29
6685,34,34
6686,32,32
6687,20,20
6688,15,15
6689,11,11
6690,30,30
6691,6,6
6692,1,1
6693,12,12
6694,26,26
6695,21,21
6696,21,21
6697,11,11
6698,28,28
6699,8,8
6700,29,29
6701,28,28
6702,27,27
6703,7,7
6704,26,26
6705,25,25
6706,27,27
6707,16,16
6708,33,33
6709,26,26
6710,23,23
6711,28,28
6712,12,12
6713,30,30
6714,1,1
6715,0,0
6716,22,22
6717,15,15
6718,12,12
6719,1,1
6720,6,6
6721,33,33
6722,10,10
6723,9,9
6724,5,5
6725,7,7
6726,14,14
6727,29,29
6728,25,25
6729,3,3
6730,19,19
6731,11,11
6732,23,23
6733,20,20
6734,3,3
6735,2,2
6736,6,6
6737,5,5
6738,26,26
6739,23,23
6740,30,30
6741,14,14
6742,25,25
6743,31,31
6744,0,0
6745,34,34
6746,32,32
6747,28,28
6748,13,13
6749,23,23
6750,8,8
6751,16,16
6752,7,7
6753,30,30
6754,9,9
6755,14,14
6756,24,24
6757,10,10
6758,13,13
6759,4,4
6760,8,8
6761,14,14
6762,28,28
6763,34,34
6764,13,13
6765,3,3
6766,12,12
6767,29,29
6768,11,11
6769,10,10
6770,9,9
6771,9,9
6772,31,31
6773,24,24
6774,11,11
6775,16,16
6776,13,13
6777,30,30
6778,8,8
6779,10,10
6780,0,0
6781,9,9
6782,10,10
6783,7,7
6784,15,15
6785,16,16
6786,8,8
6787,25,25
6788,1,1
6789,6,6
6790,10,10
6791,27,27
6792,6,6
6793,5,5
6794,9,9
6795,26,26
6796,18,18
6797,13,13
6798,3,3
6799,6,6
6800,0,0
6801,29,29
6802,16,16
6803,25,25
6804,26,26
6805,7,7
6806,2,2
6807,11,11
6808,20,20
6809,16,16
6810,5,5
6811,14,14
6812,7,7
6813,18,18
6814,27,27
6815,23,23
6816,15,15
6817,9,9
6818,34,34
6819,27,27
6820,21,21
6821,24,24
6822,24,24
6823,28,28
6824,12,12
6825,25,25
6826,21,21
6827,11,11
6828,28,28
6829,25,25
6830,32,32
6831,5,5
6832,10,10
6833,3,3
6834,26,26
6835,34,34
6836,26,26
6837,25,25
6838,15,15
6839,33,33
6840,25,25
6841,20,20
6842,20,20
6843,1,2
6844,17,17
6845,17,17
6846,21,21
6847,27,27
6848,18,18
6849,5,5
6850,27,27
6851,16,16
6852,3,3
6853,5,5
6854,34,34
6855,24,24
6856,20,20
6857,28,28
6858,34,34
6859,31,31
6860,0,0
6861,14,14
6862,23,23
6863,2,2
6864,29,29
6865,3,3
6866,14,14
6867,17,17
6868,21,21
6869,33,33
6870,26,26
6871,21,21
6872,15,15
6873,21,21
6874,4,4
6875,3,3
6876,0,0
6877,23,23
6878,23,23
6879,2,2
6880,6,6
6881,8,8
6882,20,20
6883,0,0
6884,29,29
6885,21,21
6886,10,10
6887,33,33
6888,13,13
6889,34,34
6890,19,19
6891,12,12
6892,28,28
6893,13,13
6894,28,28
6895,2,2
6896,16,16
6897,23,23
6898,2,2
6899,9,9
6900,23,23
6901,2,2
6902,22,22
6903,7,7
6904,2,2
6905,34,34
6906,20,20
6907,16,16
6908,12,12
6909,20,20
6910,8,8
6911,10,10
6912,2,2
6913,27,27
6914,14,14
6915,1,1
6916,31,31
6917,29,29
6918,9,9
6919,2,2
6920,5,5
6921,28,28
6922,6,6
6923,2,2
6924,0,0
6925,16,16
6926,15,15
6927,10,10
6928,12,12
6929,23,23
6930,26,26
6931,24,24
6932,7,7
6933,21,21
6934,1,2
6935,24,24
6936,5,5
6937,31,31
6938,33,33
6939,21,21
6940,31,31
6941,13,13
6942,34,34
6943,8,8
6944,18,18
6945,22,22
6946,13,13
6947,14,14
6948,12,12
6949,25,25
6950,2,2
6951,5,5
6952,3,3
6953,8,8
6954,1,1
6955,2,2
6956,13,13
6957,16,16
6958,0,0
6959,0,0
6960,28,28
6961,30,30
6962,32,32
6963,30,30
6964,11,11
6965,20,20
6966,13,13
6967,12,12
6968,23,23
6969,32,32
6970,25,25
6971,7,7
6972,19,19
6973,21,21
6974,26,26
6975,15,15
6976,5,5
6977,12,12
6978,6,6
6979,29,29
6980,10,10
6981,14,14
6982,16,16
6983,11,11
6984,20,20
6985,15,15
6986,14,14
6987,10,10
6988,1,1
6989,2,2
6990,14,14
6991,13,13
6992,34,34
6993,21,21
6994,3,3
6995,20,20
6996,21,21
6997,19,19
6998,13,13
6999,11,11
7000,1,1
7001,27,27
7002,11,11
7003,25,25
7004,15,15
7005,20,20
7006,21,21
7007,25,25
7008,30,30
7009,25,25
7010,9,9
7011,22,22
7012,27,27
7013,23,23
7014,16,16
7015,1,1
7016,10,10
7017,13,13
7018,19,19
7019,0,0
7020,13,13
7021,23,23
7022,23,23
7023,19,19
7024,3,3
7025,6,6
7026,28,28
7027,28,28
7028,19,19
7029,26,26
7030,2,2
7031,15,15
7032,1,1
7033,16,16
7034,23,23
7035,19,19
7036,27,27
7037,30,30
7038,1,1
7039,8,8
7040,33,33
7041,22,22
7042,24,24
7043,10,10
7044,24,24
7045,16,16
7046,17,17
7047,9,9
7048,9,9
7049,19,19
7050,18,18
7051,22,22
7052,5,5
7053,11,11
7054,4,4
7055,29,29
7056,13,13
7057,2,2
7058,0,0
7059,11,11
7060,12,12
7061,22,22
7062,3,3
7063,27,27
7064,19,19
7065,8,8
7066,14,14
7067,15,15
7068,1,1
7069,14,14
7070,10,10
7071,5,5
7072,21,21
7073,11,11
7074,8,8
7075,23,23
7076,0,0
7077,7,7
7078,0,0
7079,13,13
7080,31,31
7081,20,20
7082,15,15
7083,4,4
7084,30,30
7085,26,26
7086,32,32
7087,24,24
7088,10,10
7089,16,16
7090,15,15
7091,28,28
7092,3,3
7093,23,23
7094,10,10
7095,3,3
7096,20,20
7097,9,9
7098,5,5
7099,16,16
7100,3,3
7101,12,12
7102,4,4
7103,17,17
7104,15,15
7105,5,5
7106,12,12
7107,1,1
7108,15,15
7109,26,26
7110,19,19
7111,22,22
7112,11,11
7113,1,1
7114,27,27
7115,24,24
7116,19,19
7117,16,16
7118,16,16
7119,21,21
7120,0,0
7121,29,29
7122,16,16
7123,13,13
7124,27,27
7125,12,12
7126,9,9
7127,13,13
7128,10,10
7129,23,23
7130,6,6
7131,0,0
7132,28,28
7133,3,3
7134,28,28
7135,12,12
7136,2,2
7137,18,18
7138,1,1
7139,5,5
7140,12,12
7141,8,8
7142,17,17
7143,16,16
7144,26,26
7145,22,22
7146,10,10
7147,19,19
7148,31,31
7149,9,9
7150,20,20
7151,10,10
7152,21,21
7153,24,24
7154,25,25
7155,0,0
7156,13,13
7157,7,7
7158,27,27
7159,28,28
7160,6,6
7161,34,34
7162,25,25
7163,28,28
7164,9,9
7165,16,16
7166,17,17
7167,21,21
7168,12,12
7169,25,25
7170,0,0
7171,10,10
7172,5,5
7173,23,23
7174,6,6
7175,6,6
7176,34,34
7177,14,14
7178,3,3
7179,18,18
7180,13,13
7181,15,15
7182,27,27
7183,25,25
7184,24,24
7185,4,4
7186,22,22
7187,15,15
7188,25,25
7189,24,24
7190,25,25
7191,7,7
7192,29,29
7193,10,10
7194,8,8
7195,5,5
7196,29,29
7197,4,4
7198,29,29
7199,34,34
7200,5,5
7201,6,6
7202,27,27
7203,14,14
7204,32,32
7205,9,9
7206,27,27
7207,5,5
7208,25,25
7209,33,33
7210,18,18
7211,18,18
7212,31,31
7213,3,3
7214,26,26
7215,18,18
7216,24,24
7217,25,25
7218,15,15
7219,0,0
7220,28,28
7221,22,22
7222,5,5
7223,8,8
7224,28,28
7225,25,25
7226,22,22
7227,4,4
7228,21,21
7229,20,20
7230,29,29
7231,5,5
7232,32,32
7233,24,24
7234,6,6
7235,21,21
7236,21,21
7237,14,14
7238,0,0
7239,21,21
7240,32,32
7241,27,27
7242,1,1
7243,1,1
7244,31,31
7245,17,17
7246,29,29
7247,34,34
7248,21,21
7249,29,29
7250,21,21
7251,1,1
7252,20,20
7253,4,4
7254,6,6
7255,6,6
7256,10,10
7257,25,25
7258,14,14
7259,32,32
7260,20,20
7261,15,15
7262,7,7
7263,13,13
7264,1,1
7265,16,16
7266,27,27
7267,27,27
7268,11,11
7269,21,21
7270,17,17
7271,19,19
7272,15,15
7273,24,24
7274,16,16
7275,24,24
7276,17,17
7277,13,13
7278,26,26
7279,31,31
7280,0,0
7281,27,27
7282,0,0
7283,16,16
7284,10,10
7285,34,34
7286,7,7
7287,31,31
7288,33,33
7289,9,9
7290,2,2
7291,34,34
7292,4,4
7293,17,17
7294,27,27
7295,20,20
7296,27,27
7297,28,28
7298,34,34
7299,9,9
7300,28,28
7301,33,33
7302,4,4
7303,29,29
7304,3,3
7305,13,13
7306,11,11
7307,11,11
7308,8,8
7309,24,24
7310,13,13
7311,10,10
7312,15,15
7313,19,19
7314,29,29
7315,23,23
7316,30,30
7317,10,10
7318,22,22
7319,17,17
7320,33,33
7321,12,12
7322,30,30
7323,13,13
7324,14,14
7325,19,19
7326,4,4
7327,17,17
7328,28,28
7329,10,10
7330,34,34
7331,25,25
7332,14,14
7333,4,4
7334,22,22
7335,23,23
7336,2,2
7337,25,25
7338,11,11
7339,24,24
7340,6,6
7341,31,31
7342,31,31
7343,12,12
7344,31,31
7345,11,11
7346,28,28
7347,16,16
7348,23,23
7349,22,22
7350,20,20
7351,14,14
7352,12,12
7353,6,6
7354,17,17
7355,19,19
7356,0,0
7357,16,16
7358,31,31
7359,6,6
7360,3,3
7361,3,3
7362,25,25
7363,16,16
7364,34,34
7365,28,28
7366,17,17
7367,22,22
7368,3,3
7369,31,31
7370,12,12
7371,7,7
7372,12,12
7373,11,11
7374,16,16
7375,15,15
7376,26,26
7377,5,5
7378,18,18
7379,17,17
7380,14,14
7381,30,30
7382,6,6
7383,10,10
7384,34,34
7385,12,12
7386,31,31
7387,34,34
7388,27,27
7389,7,7
7390,30,30
7391,14,14
7392,31,31
7393,26,26
7394,7,7
7395,21,21
7396,22,22
7397,11,11
7398,34,34
7399,17,17
7400,26,26
7401,25,25
7402,12,12
7403,31,31
7404,23,23
7405,16,16
7406,9,9
7407,30,30
7408,15,15
7409,10,10
7410,28,28
7411,24,24
7412,2,2
7413,12,12
7414,7,7
7415,21,21
7416,24,24
7417,22,22
7418,4,4
7419,7,7
7420,30,30
7421,33,33
7422,23,23
7423,11,11
7424,26,26
7425,22,22
7426,33,33
7427,31,31
7428,31,31
7429,22,22
7430,16,16
7431,18,18
7432,31,31
7433,30,30
7434,5,5
7435,32,32
7436,5,5
7437,14,14
7438,0,0
7439,13,13
7440,15,15
7441,22,22
7442,19,19
7443,1,1
7444,26,26
7445,17,17
7446,34,34
7447,25,25
7448,27,27
7449,9,9
7450,9,9
7451,32,32
7452,12,12
7453,4,4
7454,31,31
7455,23,23
7456,1,1
7457,18,18
7458,8,8
7459,20,20
7460,22,22
7461,29,29
7462,33,33
7463,25,25
7464,33,33
7465,16,16
7466,32,32
7467,1,1
7468,2,2
7469,10,10
7470,27,27
7471,30,30
7472,11,11
7473,2,2
7474,28,28
7475,28,28
7476,6,6
7477,6,6
7478,26,26
7479,21,21
7480,17,17
7481,12,12
7482,31,31
7483,2,2
7484,7,7
7485,32,32
7486,16,16
7487,4,4
7488,4,4
7489,26,26
7490,29,29
7491,33,33
7492,16,16
7493,20,20
7494,16,16
7495,24,24
7496,13,13
7497,27,27
7498,18,18
7499,12,12
7500,0,0
7501,8,8
7502,33,33
7503,24,24
7504,22,22
7505,31,31
7506,23,23
7507,28,28
7508,8,8
7509,26,26
7510,22,22
7511,2,2
7512,15,15
7513,21,21
7514,7,7
7515,0,0
7516,18,18
7517,23,23
7518,12,12
7519,30,30
7520,6,6
7521,7,7
7522,32,32
7523,2,2
7524,25,25
7525,17,17
7526,1,2
7527,7,7
7528,18,18
7529,23,23
7530,13,13
7531,12,12
7532,20,20
7533,5,5
7534,19,19
7535,1,1
7536,13,13
7537,5,5
7538,11,11
7539,34,34
7540,29,29
7541,12,12
7542,13,13
7543,17,17
7544,19,19
7545,11,11
7546,6,6
7547,33,33
7548,2,2
7549,14,14
7550,32,32
7551,28,28
7552,2,2
7553,15,15
7554,11,11
7555,34,34
7556,7,7
7557,13,13
7558,0,0
7559,1,1
7560,29,29
7561,11,11
7562,1,1
7563,4,4
7564,33,33
7565,8,8
7566,20,20
7567,17,17
7568,31,31
7569,15,15
7570,26,26
7571,13,13
7572,32,32
7573,7,7
7574,25,25
7575,5,5
7576,32,32
7577,19,19
7578,23,23
7579,12,12
7580,13,13
7581,13,13
7582,8,8
7583,22,22
7584,22,22
7585,22,22
7586,22,22
7587,6,6
7588,14,14
7589,7,7
7590,27,27
7591,17,17
7592,6,6
7593,16,16
7594,28,28
7595,18,18
7596,28,28
7597,13,13
7598,17,17
7599,30,30
7600,11,11
7601,6,6
7602,32,32
7603,19,19
7604,3,3
7605,15,15
7606,1,1
7607,34,34
7608,34,34
7609,30,30
7610,20,20
7611,22,22
7612,17,17
7613,13,13
7614,26,26
7615,6,6
7616,12,12
7617,28,28
7618,29,29
7619,21,21
7620,33,33
7621,16,16
7622,30,30
7623,31,31
7624,7,7
7625,31,31
7626,18,18
7627,17,17
7628,1,1
7629,14,14
7630,30,30
7631,14,14
7632,30,30
7633,33,33
7634,25,25
7635,26,26
7636,29,29
7637,33,33
7638,5,5
7639,24,24
7640,19,19
7641,21,21
7642,27,27
7643,33,33
7644,12,12
7645,12,12
7646,25,25
7647,25,25
7648,3,3
7649,17,17
7650,27,27
7651,29,29
7652,13,13
7653,32,32
7654,15,15
7655,7,7
7656,12,12
7657,21,21
7658,10,10
7659,17,17
7660,10,10
7661,25,25
7662,25,25
7663,3,3
7664,23,23
7665,16,16
7666,21,21
7667,16,16
7668,14,14
7669,21,21
7670,3,3
7671,20,20
7672,4,4
7673,29,29
7674,25,25
7675,21,21
7676,28,28
7677,17,17
7678,16,16
7679,3,3
7680,27,27
7681,24,24
7682,7,7
7683,20,20
7684,3,3
7685,18,18
7686,32,32
7687,32,32
7688,3,3
7689,23,23
7690,25,25
7691,26,26
7692,24,24
7693,4,4
7694,13,13
7695,5,5
7696,17,17
7697,14,14
7698,6,6
7699,8,8
7700,19,19
7701,9,9
7702,29,29
7703,33,33
7704,23,23
7705,32,32
7706,29,29
7707,21,21
7708,34,34
7709,4,4
7710,8,8
7711,21,21
7712,8,8
7713,29,29
7714,32,32
7715,9,9
7716,7,7
7717,10,10
7718,1,1
7719,34,34
7720,31,31
7721,23,23
7722,34,34
7723,6,6
7724,4,4
7725,14,14
7726,17,17
7727,15,15
7728,26,26
7729,17,17
7730,10,10
7731,22,22
7732,24,24
7733,18,18
7734,8,8
7735,27,27
7736,15,15
7737,17,17
7738,22,22
7739,22,22
7740,20,20
7741,4,4
7742,29,29
7743,14,14
7744,16,16
7745,4,4
7746,6,6
7747,12,12
7748,6,6
7749,30,30
7750,3,3
7751,10,10
7752,29,29
7753,5,5
7754,10,10
7755,30,30
7756,18,18
7757,11,11
7758,2,2
7759,8,8
7760,23,23
7761,13,13
7762,3,3
7763,14,14
7764,9,9
7765,6,6
7766,11,11
7767,33,33
7768,21,21
7769,19,19
7770,31,31
7771,1,1
7772,28,28
7773,17,17
7774,2,2
7775,29,29
7776,30,30
7777,20,20
7778,30,30
7779,21,21
7780,18,18
7781,12,12
7782,22,22
7783,26,26
7784,28,28
7785,6,6
7786,5,5
7787,3,3
7788,26,26
7789,6,6
7790,30,30
7791,2,2
7792,29,29
7793,11,11
7794,14,14
7795,25,25
7796,7,7
7797,0,0
7798,11,11
7799,28,28
7800,18,18
7801,20,20
7802,9,9
7803,26,26
7804,3,3
7805,33,33
7806,4,4
7807,18,18
7808,7,7
7809,14,14
7810,34,34
7811,15,15
7812,9,9
7813,15,15
7814,17,17
7815,25,25
7816,21,21
7817,3,3
7818,6,6
7819,16,16
7820,8,8
7821,3,3
7822,13,13
7823,10,10
7824,2,2
7825,0,0
7826,15,15
7827,22,22
7828,22,22
7829,29,29
7830,12,12
7831,32,32
7832,6,6
7833,26,26
7834,2,2
7835,18,18
7836,14,14
7837,8,8
7838,16,16
7839,7,7
7840,24,24
7841,32,32
7842,31,31
7843,19,19
7844,10,10
7845,12,12
7846,25,25
7847,19,19
7848,6,6
7849,17,17
7850,30,30
7851,30,30
7852,26,26
7853,24,24
7854,12,12
7855,29,29
7856,31,31
7857,11,11
7858,27,27
7859,28,28
7860,11,11
7861,17,17
7862,31,31
7863,14,14
7864,15,15
7865,4,4
7866,31,31
7867,16,16
7868,19,19
7869,4,4
7870,6,6
7871,5,5
7872,5,5
7873,0,0
7874,14,14
7875,7,7
7876,33,33
7877,28,28
7878,26,26
7879,4,4
7880,12,12
7881,7,7
7882,4,4
7883,22,22
7884,16,16
7885,30,30
7886,26,26
7887,11,11
7888,9,9
7889,25,25
7890,7,7
7891,33,33
7892,25,25
7893,8,8
7894,9,9
7895,15,15
7896,23,23
7897,29,29
7898,30,30
7899,18,18
7900,21,21
7901,2,2
7902,5,5
7903,7,7
7904,25,25
7905,19,19
7906,31,31
7907,3,3
7908,19,19
7909,11,11
7910,31,31
7911,14,14
7912,2,2
7913,20,20
7914,27,27
7915,29,29
7916,25,25
7917,31,31
7918,17,17
7919,12,12
7920,10,10
7921,19,19
7922,5,5
7923,24,24
7924,7,7
7925,27,27
7926,20,20
7927,14,14
7928,33,33
7929,18,18
7930,17,17
7931,23,23
7932,3,3
7933,34,34
7934,31,31
7935,33,33
7936,7,7
7937,18,18
7938,29,29
7939,34,34
7940,29,29
7941,31,31
7942,34,34
7943,23,23
7944,23,23
7945,27,27
7946,2,2
7947,20,20
7948,5,5
7949,9,9
7950,17,17
7951,19,19
7952,7,7
7953,8,8
7954,0,0
7955,31,31
7956,33,33
7957,20,20
7958,15,15
7959,26,26
7960,34,34
7961,19,19
7962,22,22
7963,10,10
7964,18,18
7965,22,22
7966,4,4
7967,19,19
7968,26,26
7969,32,32
7970,5,5
7971,34,34
7972,1,1
7973,24,24
7974,28,28
7975,19,19
7976,3,3
7977,29,29
7978,31,31
7979,32,32
7980,19,19
7981,21,21
7982,24,24
7983,25,25
7984,0,0
7985,9,9
7986,32,32
7987,20,20
7988,6,6
7989,31,31
7990,34,34
7991,12,12
7992,15,15
7993,28,28
7994,9,9
7995,15,15
7996,6,6
7997,28,28
7998,24,24
7999,10,10
8000,7,7
8001,31,31
8002,6,6
8003,6,6
8004,11,11
8005,1,1
8006,1,1
8007,24,24
8008,3,3
8009,13,13
8010,13,13
8011,0,0
8012,1,1
8013,5,5
8014,0,0
8015,17,17
8016,7,7
8017,29,29
8018,16,16
8019,27,27
8020,14,14
8021,33,33
8022,3,3
8023,3,3
8024,27,27
8025,29,29
8026,21,21
8027,6,6
8028,32,32
8029,13,13
8030,0,0
8031,19,19
8032,10,10
8033,9,9
8034,4,4
8035,9,9
8036,2,2
8037,7,7
8038,33,33
8039,31,31
8040,14,14
8041,29,29
8042,32,32
8043,3,3
8044,13,13
8045,7,7
8046,17,17
8047,8,8
8048,30,30
8049,33,33
8050,25,25
8051,28,28
8052,27,27
8053,32,32
8054,4,4
8055,14,14
8056,32,32
8057,26,26
8058,14,14
8059,19,19
8060,21,21
8061,3,3
8062,24,24
8063,33,33
8064,20,20
8065,11,11
8066,3,3
8067,26,26
8068,15,15
8069,21,21
8070,4,4
8071,13,13
8072,10,10
8073,16,16
8074,22,22
8075,24,24
8076,11,11
8077,9,9
8078,32,32
8079,3,3
8080,21,21
8081,21,21
8082,24,24
8083,31,31
8084,34,34
8085,6,6
8086,0,0
8087,7,7
8088,1,1
8089,16,16
8090,17,17
8091,5,5
8092,29,29
8093,8,8
8094,8,8
8095,19,19
8096,29,29
8097,33,33
8098,8,8
8099,22,22
8100,7,7
8101,16,16
8102,1,1
8103,25,25
8104,29,29
8105,18,18
8106,10,10
8107,15,15
8108,4,4
8109,29,29
8110,23,23
8111,25,25
8112,5,5
8113,20,20
8114,25,25
8115,17,17
8116,3,3
8117,31,31
8118,19,19
8119,11,11
8120,19,19
8121,13,13
8122,21,21
8123,5,5
8124,34,34
8125,34,34
8126,7,7
8127,27,27
8128,5,5
8129,24,24
8130,20,20
8131,22,22
8132,31,31
8133,33,33
8134,31,31
8135,2,2
8136,4,4
8137,24,24
8138,10,10
8139,13,13
8140,24,24
8141,3,3
8142,28,28
8143,17,17
8144,7,7
8145,25,25
8146,17,17
8147,5,5
8148,15,15
8149,23,23
8150,11,11
8151,3,3
8152,31,31
8153,19,19
8154,18,18
8155,8,8
8156,16,16
8157,11,11
8158,16,16
8159,27,27
8160,25,25
8161,24,24
8162,20,20
8163,19,19
8164,9,9
8165,6,6
8166,1,1
8167,2,2
8168,29,29
8169,33,33
8170,15,15
8171,23,23
8172,27,27
8173,34,34
8174,4,4
8175,32,32
8176,18,18
8177,31,31
8178,27,27
8179,1,1
8180,26,26
8181,20,20
8182,21,21
8183,1,1
8184,3,3
8185,32,32
8186,10,10
8187,34,34
8188,33,33
8189,19,19
8190,23,23
8191,30,30
8192,25,25
8193,14,14
8194,11,11
8195,22,22
8196,6,6
8197,28,28
8198,21,21
8199,9,9
8200,4,4
8201,31,31
8202,31,31
8203,17,17
8204,8,8
8205,23,23
8206,32,32
8207,12,12
8208,9,9
8209,33,33
8210,29,29
8211,0,0
8212,2,2
8213,30,30
8214,19,19
8215,13,13
8216,7,7
8217,12,12
8218,17,17
8219,29,29
8220,25,25
8221,28,28
8222,34,34
8223,19,19
8224,14,14
8225,30,30
8226,18,18
8227,27,27
8228,20,20
8229,2,2
8230,20,20
8231,17,17
8232,10,10
8233,10,10
8234,29,29
8235,22,22
8236,34,34
8237,33,33
8238,16,16
8239,27,27
8240,31,31
8241,30,30
8242,32,32
8243,6,6
8244,24,24
8245,0,0
8246,13,13
8247,31,31
8248,22,22
8249,27,27
8250,11,11
8251,30,30
8252,20,20
8253,32,32
8254,23,23
8255,12,12
8256,25,25
8257,33,33
8258,7,7
8259,23,23
8260,28,28
8261,25,25
8262,16,16
8263,7,7
8264,4,4
8265,9,9
8266,19,19
8267,4,4
8268,25,25
8269,4,4
8270,32,32
8271,16,16
8272,5,20
8273,29,29
8274,7,7
8275,30,30
8276,11,11
8277,31,31
8278,0,0
8279,1,1
8280,32,32
8281,7,7
8282,8,8
8283,19,19
8284,28,28
8285,20,20
8286,4,4
8287,11,11
8288,8,8
8289,30,30
8290,11,11
8291,4,4
8292,17,17
8293,5,5
8294,7,7
8295,0,0
8296,5,5
8297,10,10
8298,20,20
8299,24,24
8300,5,5
8301,27,27
8302,25,25
8303,23,23
8304,32,32
8305,28,28
8306,0,0
8307,28,28
8308,31,31
8309,26,26
8310,19,19
8311,7,7
8312,27,27
8313,33,33
8314,24,24
8315,17,17
8316,19,19
8317,29,29
8318,24,24
8319,18,18
8320,26,26
8321,24,24
8322,1,1
8323,22,22
8324,20,20
8325,9,9
8326,33,33
8327,20,20
8328,11,11
8329,30,30
8330,0,0
8331,28,28
8332,14,14
8333,29,29
8334,22,22
8335,27,27
8336,16,16
8337,2,2
8338,22,22
8339,1,1
8340,32,32
8341,13,13
8342,18,18
8343,27,27
8344,4,4
8345,19,19
8346,3,3
8347,6,6
8348,7,7
8349,16,16
8350,30,30
8351,34,34
8352,18,18
8353,9,9
8354,13,13
8355,2,2
8356,33,33
8357,26,26
8358,28,28
8359,11,11
8360,21,21
8361,21,21
8362,8,8
8363,15,15
8364,16,16
8365,3,3
8366,27,27
8367,0,0
8368,34,34
8369,21,21
8370,2,2
8371,34,34
8372,29,29
8373,16,16
8374,12,12
8375,22,22
8376,3,3
8377,33,33
8378,32,32
8379,31,31
8380,33,33
8381,0,0
8382,20,20
8383,17,17
8384,1,1
8385,0,0
8386,4,4
8387,28,28
8388,12,12
8389,3,3
8390,21,21
8391,30,30
8392,6,6
8393,3,3
8394,11,11
8395,30,30
8396,24,24
8397,27,27
8398,10,10
8399,7,7
8400,11,11
